,date,1Y_bond
0,2003-10-16,1.34
1,2003-10-17,1.31
2,2003-10-20,1.32
3,2003-10-21,1.32
4,2003-10-22,1.28
5,2003-10-23,1.3
6,2003-10-24,1.27
7,2003-10-27,1.31
8,2003-10-28,1.25
9,2003-10-29,1.29
10,2003-10-30,1.32
11,2003-10-31,1.31
12,2003-11-03,1.33
13,2003-11-04,1.31
14,2003-11-05,1.35
15,2003-11-06,1.38
16,2003-11-07,1.4
17,2003-11-10,1.39
18,2003-11-12,1.39
19,2003-11-13,1.33
20,2003-11-14,1.31
21,2003-11-17,1.29
22,2003-11-18,1.3
23,2003-11-19,1.32
24,2003-11-20,1.28
25,2003-11-21,1.29
26,2003-11-24,1.33
27,2003-11-25,1.32
28,2003-11-26,1.35
29,2003-11-28,1.39
30,2003-12-01,1.41
31,2003-12-02,1.38
32,2003-12-03,1.39
33,2003-12-04,1.38
34,2003-12-05,1.3
35,2003-12-08,1.33
36,2003-12-09,1.35
37,2003-12-10,1.33
38,2003-12-11,1.27
39,2003-12-12,1.28
40,2003-12-15,1.3
41,2003-12-16,1.28
42,2003-12-17,1.26
43,2003-12-18,1.24
44,2003-12-19,1.25
45,2003-12-22,1.27
46,2003-12-23,1.31
47,2003-12-24,1.28
48,2003-12-26,1.27
49,2003-12-29,1.31
50,2003-12-30,1.28
51,2003-12-31,1.26
52,2004-01-02,1.31
53,2004-01-05,1.35
54,2004-01-06,1.3
55,2004-01-07,1.29
56,2004-01-08,1.29
57,2004-01-09,1.21
58,2004-01-12,1.21
59,2004-01-13,1.18
60,2004-01-14,1.19
61,2004-01-15,1.18
62,2004-01-16,1.21
63,2004-01-20,1.21
64,2004-01-21,1.19
65,2004-01-22,1.19
66,2004-01-23,1.21
67,2004-01-26,1.23
68,2004-01-27,1.21
69,2004-01-28,1.26
70,2004-01-29,1.29
71,2004-01-30,1.28
72,2004-02-02,1.29
73,2004-02-03,1.27
74,2004-02-04,1.27
75,2004-02-05,1.29
76,2004-02-06,1.26
77,2004-02-09,1.25
78,2004-02-10,1.27
79,2004-02-11,1.23
80,2004-02-12,1.24
81,2004-02-13,1.21
82,2004-02-17,1.21
83,2004-02-18,1.23
84,2004-02-19,1.23
85,2004-02-20,1.26
86,2004-02-23,1.22
87,2004-02-24,1.23
88,2004-02-25,1.23
89,2004-02-26,1.23
90,2004-02-27,1.21
91,2004-03-01,1.23
92,2004-03-02,1.26
93,2004-03-03,1.26
94,2004-03-04,1.25
95,2004-03-05,1.16
96,2004-03-08,1.15
97,2004-03-09,1.15
98,2004-03-10,1.17
99,2004-03-11,1.15
100,2004-03-12,1.18
101,2004-03-15,1.18
102,2004-03-16,1.17
103,2004-03-17,1.18
104,2004-03-18,1.17
105,2004-03-19,1.19
106,2004-03-22,1.17
107,2004-03-23,1.17
108,2004-03-24,1.16
109,2004-03-25,1.15
110,2004-03-26,1.19
111,2004-03-29,1.21
112,2004-03-30,1.21
113,2004-03-31,1.2
114,2004-04-01,1.23
115,2004-04-02,1.3
116,2004-04-05,1.34
117,2004-04-06,1.31
118,2004-04-07,1.31
119,2004-04-08,1.32
120,2004-04-12,1.34
121,2004-04-13,1.39
122,2004-04-14,1.48
123,2004-04-15,1.46
124,2004-04-16,1.4
125,2004-04-19,1.43
126,2004-04-20,1.46
127,2004-04-21,1.52
128,2004-04-22,1.49
129,2004-04-23,1.59
130,2004-04-26,1.57
131,2004-04-27,1.53
132,2004-04-28,1.54
133,2004-04-29,1.55
134,2004-04-30,1.55
135,2004-05-03,1.6
136,2004-05-04,1.57
137,2004-05-05,1.56
138,2004-05-06,1.61
139,2004-05-07,1.83
140,2004-05-10,1.85
141,2004-05-11,1.83
142,2004-05-12,1.81
143,2004-05-13,1.84
144,2004-05-14,1.81
145,2004-05-17,1.8
146,2004-05-18,1.83
147,2004-05-19,1.85
148,2004-05-20,1.81
149,2004-05-21,1.84
150,2004-05-24,1.86
151,2004-05-25,1.84
152,2004-05-26,1.81
153,2004-05-27,1.77
154,2004-05-28,1.83
155,2004-06-01,1.89
156,2004-06-02,1.92
157,2004-06-03,1.91
158,2004-06-04,1.97
159,2004-06-07,1.96
160,2004-06-08,2.02
161,2004-06-09,2.14
162,2004-06-10,2.14
163,2004-06-14,2.25
164,2004-06-15,2.16
165,2004-06-16,2.24
166,2004-06-17,2.21
167,2004-06-18,2.24
168,2004-06-21,2.17
169,2004-06-22,2.21
170,2004-06-23,2.15
171,2004-06-24,2.11
172,2004-06-25,2.14
173,2004-06-28,2.3
174,2004-06-29,2.2
175,2004-06-30,2.09
176,2004-07-01,2.07
177,2004-07-02,2.02
178,2004-07-06,2.15
179,2004-07-07,2.0
180,2004-07-08,1.99
181,2004-07-09,2.0
182,2004-07-12,2.02
183,2004-07-13,2.05
184,2004-07-14,2.08
185,2004-07-15,2.11
186,2004-07-16,2.08
187,2004-07-19,2.1
188,2004-07-20,2.13
189,2004-07-21,2.14
190,2004-07-22,2.12
191,2004-07-23,2.12
192,2004-07-26,2.18
193,2004-07-27,2.19
194,2004-07-28,2.17
195,2004-07-29,2.15
196,2004-07-30,2.13
197,2004-08-02,2.12
198,2004-08-03,2.11
199,2004-08-04,2.11
200,2004-08-05,2.09
201,2004-08-06,1.91
202,2004-08-09,1.97
203,2004-08-10,2.01
204,2004-08-11,2.0
205,2004-08-12,1.99
206,2004-08-13,1.97
207,2004-08-16,2.01
208,2004-08-17,1.98
209,2004-08-18,1.97
210,2004-08-19,1.96
211,2004-08-20,1.98
212,2004-08-23,2.03
213,2004-08-24,2.03
214,2004-08-25,2.03
215,2004-08-26,2.02
216,2004-08-27,2.03
217,2004-08-30,2.04
218,2004-08-31,1.99
219,2004-09-01,1.99
220,2004-09-02,2.02
221,2004-09-03,2.12
222,2004-09-07,2.13
223,2004-09-08,2.09
224,2004-09-09,2.09
225,2004-09-10,2.08
226,2004-09-13,2.1
227,2004-09-14,2.08
228,2004-09-15,2.09
229,2004-09-16,2.06
230,2004-09-17,2.11
231,2004-09-20,2.1
232,2004-09-21,2.12
233,2004-09-22,2.12
234,2004-09-23,2.16
235,2004-09-24,2.2
236,2004-09-27,2.2
237,2004-09-28,2.18
238,2004-09-29,2.2
239,2004-09-30,2.21
240,2004-10-01,2.21
241,2004-10-04,2.25
242,2004-10-05,2.23
243,2004-10-06,2.26
244,2004-10-07,2.26
245,2004-10-08,2.21
246,2004-10-12,2.2
247,2004-10-13,2.17
248,2004-10-14,2.15
249,2004-10-15,2.18
250,2004-10-18,2.21
251,2004-10-19,2.22
252,2004-10-20,2.2
253,2004-10-21,2.23
254,2004-10-22,2.23
255,2004-10-25,2.24
256,2004-10-26,2.24
257,2004-10-27,2.3
258,2004-10-28,2.29
259,2004-10-29,2.28
260,2004-11-01,2.34
261,2004-11-02,2.33
262,2004-11-03,2.32
263,2004-11-04,2.34
264,2004-11-05,2.44
265,2004-11-08,2.47
266,2004-11-09,2.46
267,2004-11-10,2.47
268,2004-11-12,2.49
269,2004-11-15,2.53
270,2004-11-16,2.54
271,2004-11-17,2.5
272,2004-11-18,2.51
273,2004-11-19,2.56
274,2004-11-22,2.6
275,2004-11-23,2.6
276,2004-11-24,2.6
277,2004-11-26,2.61
278,2004-11-29,2.66
279,2004-11-30,2.63
280,2004-12-01,2.6
281,2004-12-02,2.62
282,2004-12-03,2.58
283,2004-12-06,2.6
284,2004-12-07,2.6
285,2004-12-08,2.59
286,2004-12-09,2.59
287,2004-12-10,2.61
288,2004-12-13,2.66
289,2004-12-14,2.65
290,2004-12-15,2.64
291,2004-12-16,2.66
292,2004-12-17,2.67
293,2004-12-20,2.72
294,2004-12-21,2.72
295,2004-12-22,2.71
296,2004-12-23,2.7
297,2004-12-27,2.78
298,2004-12-28,2.77
299,2004-12-29,2.77
300,2004-12-30,2.76
301,2004-12-31,2.75
302,2005-01-03,2.79
303,2005-01-04,2.82
304,2005-01-05,2.83
305,2005-01-06,2.82
306,2005-01-07,2.82
307,2005-01-10,2.86
308,2005-01-11,2.86
309,2005-01-12,2.84
310,2005-01-13,2.84
311,2005-01-14,2.87
312,2005-01-18,2.9
313,2005-01-19,2.88
314,2005-01-20,2.85
315,2005-01-21,2.83
316,2005-01-24,2.86
317,2005-01-25,2.88
318,2005-01-26,2.9
319,2005-01-27,2.91
320,2005-01-28,2.89
321,2005-01-31,2.96
322,2005-02-01,2.95
323,2005-02-02,2.95
324,2005-02-03,2.96
325,2005-02-04,2.93
326,2005-02-07,2.96
327,2005-02-08,2.97
328,2005-02-09,2.93
329,2005-02-10,2.96
330,2005-02-11,3.0
331,2005-02-14,3.03
332,2005-02-15,3.03
333,2005-02-16,3.05
334,2005-02-17,3.03
335,2005-02-18,3.09
336,2005-02-22,3.12
337,2005-02-23,3.12
338,2005-02-24,3.13
339,2005-02-25,3.15
340,2005-02-28,3.2
341,2005-03-01,3.2
342,2005-03-02,3.19
343,2005-03-03,3.19
344,2005-03-04,3.2
345,2005-03-07,3.22
346,2005-03-08,3.23
347,2005-03-09,3.24
348,2005-03-10,3.25
349,2005-03-11,3.28
350,2005-03-14,3.32
351,2005-03-15,3.32
352,2005-03-16,3.3
353,2005-03-17,3.29
354,2005-03-18,3.32
355,2005-03-21,3.33
356,2005-03-22,3.4
357,2005-03-23,3.38
358,2005-03-24,3.41
359,2005-03-28,3.43
360,2005-03-29,3.41
361,2005-03-30,3.39
362,2005-03-31,3.35
363,2005-04-01,3.34
364,2005-04-04,3.34
365,2005-04-05,3.34
366,2005-04-06,3.31
367,2005-04-07,3.32
368,2005-04-08,3.35
369,2005-04-11,3.37
370,2005-04-12,3.34
371,2005-04-13,3.32
372,2005-04-14,3.3
373,2005-04-15,3.26
374,2005-04-18,3.29
375,2005-04-19,3.26
376,2005-04-20,3.25
377,2005-04-21,3.31
378,2005-04-22,3.3
379,2005-04-25,3.34
380,2005-04-26,3.35
381,2005-04-27,3.33
382,2005-04-28,3.3
383,2005-04-29,3.33
384,2005-05-02,3.34
385,2005-05-03,3.35
386,2005-05-04,3.32
387,2005-05-05,3.29
388,2005-05-06,3.37
389,2005-05-09,3.4
390,2005-05-10,3.37
391,2005-05-11,3.35
392,2005-05-12,3.34
393,2005-05-13,3.29
394,2005-05-16,3.33
395,2005-05-17,3.32
396,2005-05-18,3.29
397,2005-05-19,3.31
398,2005-05-20,3.35
399,2005-05-23,3.35
400,2005-05-24,3.32
401,2005-05-25,3.32
402,2005-05-26,3.31
403,2005-05-27,3.31
404,2005-05-31,3.32
405,2005-06-01,3.25
406,2005-06-02,3.26
407,2005-06-03,3.28
408,2005-06-06,3.3
409,2005-06-07,3.28
410,2005-06-08,3.3
411,2005-06-09,3.31
412,2005-06-10,3.33
413,2005-06-13,3.38
414,2005-06-14,3.39
415,2005-06-15,3.39
416,2005-06-16,3.38
417,2005-06-17,3.39
418,2005-06-20,3.42
419,2005-06-21,3.42
420,2005-06-22,3.37
421,2005-06-23,3.39
422,2005-06-24,3.38
423,2005-06-27,3.42
424,2005-06-28,3.46
425,2005-06-29,3.44
426,2005-06-30,3.45
427,2005-07-01,3.51
428,2005-07-05,3.55
429,2005-07-06,3.53
430,2005-07-07,3.48
431,2005-07-08,3.52
432,2005-07-11,3.58
433,2005-07-12,3.59
434,2005-07-13,3.59
435,2005-07-14,3.6
436,2005-07-15,3.61
437,2005-07-18,3.66
438,2005-07-19,3.65
439,2005-07-20,3.66
440,2005-07-21,3.72
441,2005-07-22,3.72
442,2005-07-25,3.77
443,2005-07-26,3.76
444,2005-07-27,3.77
445,2005-07-28,3.75
446,2005-07-29,3.8
447,2005-08-01,3.83
448,2005-08-02,3.84
449,2005-08-03,3.82
450,2005-08-04,3.83
451,2005-08-05,3.87
452,2005-08-08,3.93
453,2005-08-09,3.9
454,2005-08-10,3.9
455,2005-08-11,3.89
456,2005-08-12,3.88
457,2005-08-15,3.91
458,2005-08-16,3.88
459,2005-08-17,3.89
460,2005-08-18,3.86
461,2005-08-19,3.89
462,2005-08-22,3.89
463,2005-08-23,3.88
464,2005-08-24,3.87
465,2005-08-25,3.87
466,2005-08-26,3.9
467,2005-08-29,3.91
468,2005-08-30,3.85
469,2005-08-31,3.77
470,2005-09-01,3.66
471,2005-09-02,3.67
472,2005-09-06,3.73
473,2005-09-07,3.77
474,2005-09-08,3.77
475,2005-09-09,3.78
476,2005-09-12,3.83
477,2005-09-13,3.81
478,2005-09-14,3.81
479,2005-09-15,3.81
480,2005-09-16,3.86
481,2005-09-19,3.87
482,2005-09-20,3.92
483,2005-09-21,3.88
484,2005-09-22,3.86
485,2005-09-23,3.89
486,2005-09-26,3.95
487,2005-09-27,3.95
488,2005-09-28,3.95
489,2005-09-29,3.97
490,2005-09-30,4.01
491,2005-10-03,4.09
492,2005-10-04,4.09
493,2005-10-05,4.07
494,2005-10-06,4.07
495,2005-10-07,4.06
496,2005-10-11,4.14
497,2005-10-12,4.14
498,2005-10-13,4.14
499,2005-10-14,4.15
500,2005-10-17,4.21
501,2005-10-18,4.19
502,2005-10-19,4.18
503,2005-10-20,4.2
504,2005-10-21,4.18
505,2005-10-24,4.22
506,2005-10-25,4.26
507,2005-10-26,4.27
508,2005-10-27,4.26
509,2005-10-28,4.28
510,2005-10-31,4.31
511,2005-11-01,4.31
512,2005-11-02,4.31
513,2005-11-03,4.33
514,2005-11-04,4.34
515,2005-11-07,4.36
516,2005-11-08,4.34
517,2005-11-09,4.37
518,2005-11-10,4.34
519,2005-11-14,4.4
520,2005-11-15,4.38
521,2005-11-16,4.34
522,2005-11-17,4.32
523,2005-11-18,4.34
524,2005-11-21,4.33
525,2005-11-22,4.26
526,2005-11-23,4.31
527,2005-11-25,4.29
528,2005-11-28,4.32
529,2005-11-29,4.35
530,2005-11-30,4.34
531,2005-12-01,4.36
532,2005-12-02,4.35
533,2005-12-05,4.39
534,2005-12-06,4.36
535,2005-12-07,4.35
536,2005-12-08,4.3
537,2005-12-09,4.33
538,2005-12-12,4.38
539,2005-12-13,4.37
540,2005-12-14,4.32
541,2005-12-15,4.33
542,2005-12-16,4.32
543,2005-12-19,4.38
544,2005-12-20,4.39
545,2005-12-21,4.38
546,2005-12-22,4.35
547,2005-12-23,4.33
548,2005-12-27,4.35
549,2005-12-28,4.34
550,2005-12-29,4.35
551,2005-12-30,4.38
552,2006-01-03,4.38
553,2006-01-04,4.35
554,2006-01-05,4.36
555,2006-01-06,4.38
556,2006-01-09,4.39
557,2006-01-10,4.42
558,2006-01-11,4.44
559,2006-01-12,4.42
560,2006-01-13,4.4
561,2006-01-17,4.42
562,2006-01-18,4.42
563,2006-01-19,4.43
564,2006-01-20,4.44
565,2006-01-23,4.45
566,2006-01-24,4.46
567,2006-01-25,4.51
568,2006-01-26,4.52
569,2006-01-27,4.54
570,2006-01-30,4.59
571,2006-01-31,4.58
572,2006-02-01,4.6
573,2006-02-02,4.61
574,2006-02-03,4.62
575,2006-02-06,4.66
576,2006-02-07,4.65
577,2006-02-08,4.66
578,2006-02-09,4.66
579,2006-02-10,4.7
580,2006-02-13,4.7
581,2006-02-14,4.71
582,2006-02-15,4.7
583,2006-02-16,4.69
584,2006-02-17,4.68
585,2006-02-21,4.73
586,2006-02-22,4.69
587,2006-02-23,4.73
588,2006-02-24,4.73
589,2006-02-27,4.76
590,2006-02-28,4.73
591,2006-03-01,4.74
592,2006-03-02,4.74
593,2006-03-03,4.75
594,2006-03-06,4.77
595,2006-03-07,4.77
596,2006-03-08,4.76
597,2006-03-09,4.76
598,2006-03-10,4.77
599,2006-03-13,4.8
600,2006-03-14,4.75
601,2006-03-15,4.77
602,2006-03-16,4.72
603,2006-03-17,4.74
604,2006-03-20,4.74
605,2006-03-21,4.79
606,2006-03-22,4.78
607,2006-03-23,4.8
608,2006-03-24,4.76
609,2006-03-27,4.77
610,2006-03-28,4.82
611,2006-03-29,4.83
612,2006-03-30,4.84
613,2006-03-31,4.82
614,2006-04-03,4.86
615,2006-04-04,4.85
616,2006-04-05,4.82
617,2006-04-06,4.85
618,2006-04-07,4.86
619,2006-04-10,4.89
620,2006-04-11,4.88
621,2006-04-12,4.91
622,2006-04-13,4.95
623,2006-04-17,4.93
624,2006-04-18,4.88
625,2006-04-19,4.89
626,2006-04-20,4.9
627,2006-04-21,4.9
628,2006-04-24,4.92
629,2006-04-25,4.95
630,2006-04-26,4.98
631,2006-04-27,4.93
632,2006-04-28,4.9
633,2006-05-01,4.97
634,2006-05-02,4.96
635,2006-05-03,4.98
636,2006-05-04,5.0
637,2006-05-05,4.98
638,2006-05-08,5.01
639,2006-05-09,5.01
640,2006-05-10,5.02
641,2006-05-11,4.99
642,2006-05-12,5.0
643,2006-05-15,5.01
644,2006-05-16,4.98
645,2006-05-17,4.99
646,2006-05-18,4.96
647,2006-05-19,4.98
648,2006-05-22,4.99
649,2006-05-23,5.0
650,2006-05-24,4.97
651,2006-05-25,5.0
652,2006-05-26,5.0
653,2006-05-30,5.02
654,2006-05-31,5.07
655,2006-06-01,5.05
656,2006-06-02,4.98
657,2006-06-05,5.02
658,2006-06-06,5.03
659,2006-06-07,5.05
660,2006-06-08,5.04
661,2006-06-09,5.05
662,2006-06-12,5.09
663,2006-06-13,5.09
664,2006-06-14,5.15
665,2006-06-15,5.15
666,2006-06-16,5.18
667,2006-06-19,5.23
668,2006-06-20,5.23
669,2006-06-21,5.22
670,2006-06-22,5.24
671,2006-06-23,5.27
672,2006-06-26,5.3
673,2006-06-27,5.28
674,2006-06-28,5.3
675,2006-06-29,5.25
676,2006-06-30,5.21
677,2006-07-03,5.26
678,2006-07-03,5.26
679,2006-07-03,5.26
680,2006-07-03,5.26
681,2006-07-05,5.29
682,2006-07-06,5.28
683,2006-07-07,5.25
684,2006-07-10,5.27
685,2006-07-11,5.26
686,2006-07-12,5.26
687,2006-07-13,5.22
688,2006-07-14,5.2
689,2006-07-17,5.24
690,2006-07-18,5.28
691,2006-07-19,5.22
692,2006-07-20,5.18
693,2006-07-21,5.19
694,2006-07-24,5.21
695,2006-07-25,5.21
696,2006-07-26,5.16
697,2006-07-27,5.16
698,2006-07-28,5.1
699,2006-07-31,5.11
700,2006-08-01,5.11
701,2006-08-02,5.11
702,2006-08-03,5.12
703,2006-08-04,5.07
704,2006-08-07,5.12
705,2006-08-08,5.08
706,2006-08-09,5.07
707,2006-08-10,5.08
708,2006-08-11,5.12
709,2006-08-14,5.17
710,2006-08-15,5.11
711,2006-08-16,5.06
712,2006-08-17,5.08
713,2006-08-18,5.08
714,2006-08-21,5.07
715,2006-08-22,5.07
716,2006-08-23,5.07
717,2006-08-24,5.07
718,2006-08-25,5.06
719,2006-08-28,5.08
720,2006-08-29,5.06
721,2006-08-30,5.03
722,2006-08-31,5.01
723,2006-09-01,4.99
724,2006-09-05,5.02
725,2006-09-06,5.02
726,2006-09-07,5.02
727,2006-09-08,5.0
728,2006-09-11,5.03
729,2006-09-12,5.02
730,2006-09-13,4.99
731,2006-09-14,5.02
732,2006-09-15,5.03
733,2006-09-18,5.04
734,2006-09-19,4.99
735,2006-09-20,5.0
736,2006-09-21,4.93
737,2006-09-22,4.9
738,2006-09-25,4.88
739,2006-09-26,4.91
740,2006-09-27,4.89
741,2006-09-28,4.9
742,2006-09-29,4.91
743,2006-10-02,4.9
744,2006-10-03,4.9
745,2006-10-04,4.87
746,2006-10-05,4.9
747,2006-10-06,4.94
748,2006-10-10,5.0
749,2006-10-11,5.02
750,2006-10-12,5.03
751,2006-10-13,5.05
752,2006-10-16,5.05
753,2006-10-17,5.04
754,2006-10-18,5.04
755,2006-10-19,5.05
756,2006-10-20,5.05
757,2006-10-23,5.09
758,2006-10-24,5.1
759,2006-10-25,5.08
760,2006-10-26,5.06
761,2006-10-27,5.02
762,2006-10-30,5.03
763,2006-10-31,4.99
764,2006-11-01,4.95
765,2006-11-02,4.97
766,2006-11-03,5.06
767,2006-11-06,5.06
768,2006-11-07,5.03
769,2006-11-08,5.02
770,2006-11-09,5.02
771,2006-11-10,5.01
772,2006-11-13,5.03
773,2006-11-14,5.01
774,2006-11-15,5.04
775,2006-11-16,5.06
776,2006-11-17,5.02
777,2006-11-20,5.02
778,2006-11-21,5.02
779,2006-11-22,5.01
780,2006-11-24,5.0
781,2006-11-27,5.0
782,2006-11-28,4.98
783,2006-11-29,4.98
784,2006-11-30,4.94
785,2006-12-01,4.87
786,2006-12-04,4.87
787,2006-12-05,4.86
788,2006-12-06,4.9
789,2006-12-07,4.9
790,2006-12-08,4.95
791,2006-12-11,4.94
792,2006-12-12,4.91
793,2006-12-13,4.95
794,2006-12-14,4.97
795,2006-12-15,4.96
796,2006-12-18,4.97
797,2006-12-19,4.96
798,2006-12-20,4.96
799,2006-12-21,4.93
800,2006-12-22,4.96
801,2006-12-26,4.97
802,2006-12-27,4.99
803,2006-12-28,5.01
804,2006-12-29,5.0
805,2007-01-02,5.0
806,2007-01-03,4.98
807,2007-01-04,4.95
808,2007-01-05,4.98
809,2007-01-08,5.01
810,2007-01-09,5.02
811,2007-01-10,5.02
812,2007-01-11,5.05
813,2007-01-12,5.06
814,2007-01-16,5.06
815,2007-01-17,5.08
816,2007-01-18,5.07
817,2007-01-19,5.09
818,2007-01-22,5.09
819,2007-01-23,5.1
820,2007-01-24,5.09
821,2007-01-25,5.11
822,2007-01-26,5.12
823,2007-01-29,5.12
824,2007-01-30,5.11
825,2007-01-31,5.09
826,2007-02-01,5.09
827,2007-02-02,5.08
828,2007-02-05,5.08
829,2007-02-06,5.07
830,2007-02-07,5.06
831,2007-02-08,5.06
832,2007-02-09,5.08
833,2007-02-12,5.1
834,2007-02-13,5.1
835,2007-02-14,5.06
836,2007-02-15,5.04
837,2007-02-16,5.05
838,2007-02-20,5.04
839,2007-02-21,5.05
840,2007-02-22,5.07
841,2007-02-23,5.05
842,2007-02-26,5.05
843,2007-02-27,4.93
844,2007-02-28,4.96
845,2007-03-01,4.95
846,2007-03-02,4.9
847,2007-03-05,4.89
848,2007-03-06,4.92
849,2007-03-07,4.9
850,2007-03-08,4.91
851,2007-03-09,4.98
852,2007-03-12,4.96
853,2007-03-13,4.9
854,2007-03-14,4.91
855,2007-03-15,4.93
856,2007-03-16,4.95
857,2007-03-19,4.96
858,2007-03-20,4.94
859,2007-03-21,4.89
860,2007-03-22,4.91
861,2007-03-23,4.93
862,2007-03-26,4.91
863,2007-03-27,4.91
864,2007-03-28,4.9
865,2007-03-29,4.9
866,2007-03-30,4.9
867,2007-04-02,4.92
868,2007-04-03,4.93
869,2007-04-04,4.92
870,2007-04-05,4.93
871,2007-04-06,4.98
872,2007-04-09,4.98
873,2007-04-10,4.97
874,2007-04-11,4.97
875,2007-04-12,4.97
876,2007-04-13,4.98
877,2007-04-16,4.97
878,2007-04-17,4.93
879,2007-04-18,4.91
880,2007-04-19,4.91
881,2007-04-20,4.91
882,2007-04-23,4.9
883,2007-04-24,4.88
884,2007-04-25,4.9
885,2007-04-26,4.92
886,2007-04-27,4.91
887,2007-04-30,4.89
888,2007-05-01,4.89
889,2007-05-02,4.9
890,2007-05-03,4.93
891,2007-05-04,4.91
892,2007-05-07,4.92
893,2007-05-08,4.91
894,2007-05-09,4.9
895,2007-05-10,4.86
896,2007-05-11,4.85
897,2007-05-14,4.87
898,2007-05-15,4.85
899,2007-05-16,4.82
900,2007-05-17,4.86
901,2007-05-18,4.92
902,2007-05-21,4.95
903,2007-05-22,4.96
904,2007-05-23,4.96
905,2007-05-24,4.94
906,2007-05-25,4.93
907,2007-05-29,4.96
908,2007-05-30,4.96
909,2007-05-31,4.95
910,2007-06-01,4.98
911,2007-06-04,4.99
912,2007-06-05,4.99
913,2007-06-06,4.96
914,2007-06-07,4.99
915,2007-06-08,4.96
916,2007-06-11,4.98
917,2007-06-12,5.01
918,2007-06-13,4.98
919,2007-06-14,4.98
920,2007-06-15,4.93
921,2007-06-18,4.95
922,2007-06-19,4.92
923,2007-06-20,4.97
924,2007-06-21,4.96
925,2007-06-22,4.94
926,2007-06-25,4.96
927,2007-06-26,4.97
928,2007-06-27,4.93
929,2007-06-28,4.95
930,2007-06-29,4.91
931,2007-07-02,4.97
932,2007-07-03,4.98
933,2007-07-05,5.02
934,2007-07-06,5.0
935,2007-07-09,5.03
936,2007-07-10,4.97
937,2007-07-11,4.99
938,2007-07-12,5.02
939,2007-07-13,5.01
940,2007-07-16,5.01
941,2007-07-17,5.02
942,2007-07-18,4.98
943,2007-07-19,5.0
944,2007-07-20,4.96
945,2007-07-23,5.0
946,2007-07-24,4.97
947,2007-07-25,4.95
948,2007-07-26,4.83
949,2007-07-27,4.82
950,2007-07-30,4.87
951,2007-07-31,4.85
952,2007-08-01,4.82
953,2007-08-02,4.83
954,2007-08-03,4.76
955,2007-08-06,4.76
956,2007-08-07,4.84
957,2007-08-08,4.89
958,2007-08-09,4.74
959,2007-08-10,4.69
960,2007-08-13,4.75
961,2007-08-14,4.67
962,2007-08-15,4.41
963,2007-08-16,4.18
964,2007-08-17,4.19
965,2007-08-20,4.15
966,2007-08-21,4.07
967,2007-08-22,4.1
968,2007-08-23,4.19
969,2007-08-24,4.31
970,2007-08-27,4.55
971,2007-08-28,4.36
972,2007-08-29,4.24
973,2007-08-30,4.17
974,2007-08-31,4.19
975,2007-09-04,4.39
976,2007-09-05,4.28
977,2007-09-06,4.3
978,2007-09-07,4.1
979,2007-09-10,4.09
980,2007-09-11,4.16
981,2007-09-12,4.12
982,2007-09-13,4.2
983,2007-09-14,4.16
984,2007-09-17,4.23
985,2007-09-18,4.08
986,2007-09-19,4.06
987,2007-09-20,4.1
988,2007-09-21,4.09
989,2007-09-24,4.09
990,2007-09-25,4.04
991,2007-09-26,4.03
992,2007-09-27,4.03
993,2007-09-28,4.05
994,2007-10-01,4.11
995,2007-10-02,4.1
996,2007-10-03,4.11
997,2007-10-04,4.1
998,2007-10-05,4.16
999,2007-10-09,4.23
1000,2007-10-10,4.23
1001,2007-10-11,4.22
1002,2007-10-12,4.28
1003,2007-10-15,4.33
1004,2007-10-16,4.26
1005,2007-10-17,4.11
1006,2007-10-18,4.03
1007,2007-10-19,3.98
1008,2007-10-22,4.05
1009,2007-10-23,4.01
1010,2007-10-24,3.91
1011,2007-10-25,3.93
1012,2007-10-26,3.96
1013,2007-10-29,4.0
1014,2007-10-30,3.98
1015,2007-10-31,4.04
1016,2007-11-01,3.89
1017,2007-11-02,3.74
1018,2007-11-05,3.86
1019,2007-11-06,3.83
1020,2007-11-07,3.71
1021,2007-11-08,3.61
1022,2007-11-09,3.57
1023,2007-11-13,3.68
1024,2007-11-14,3.65
1025,2007-11-15,3.49
1026,2007-11-16,3.49
1027,2007-11-19,3.43
1028,2007-11-20,3.32
1029,2007-11-21,3.18
1030,2007-11-23,3.28
1031,2007-11-26,3.2
1032,2007-11-27,3.26
1033,2007-11-28,3.31
1034,2007-11-29,3.22
1035,2007-11-30,3.26
1036,2007-12-03,3.15
1037,2007-12-04,3.11
1038,2007-12-05,3.13
1039,2007-12-06,3.2
1040,2007-12-07,3.24
1041,2007-12-10,3.26
1042,2007-12-11,3.09
1043,2007-12-12,3.16
1044,2007-12-13,3.22
1045,2007-12-14,3.28
1046,2007-12-17,3.34
1047,2007-12-18,3.31
1048,2007-12-19,3.26
1049,2007-12-20,3.2
1050,2007-12-21,3.31
1051,2007-12-24,3.46
1052,2007-12-26,3.49
1053,2007-12-27,3.37
1054,2007-12-28,3.34
1055,2007-12-31,3.34
1056,2008-01-02,3.17
1057,2008-01-03,3.13
1058,2008-01-04,3.06
1059,2008-01-07,3.11
1060,2008-01-08,3.09
1061,2008-01-09,3.04
1062,2008-01-10,3.04
1063,2008-01-11,2.91
1064,2008-01-14,2.9
1065,2008-01-15,2.87
1066,2008-01-16,2.86
1067,2008-01-17,2.81
1068,2008-01-18,2.69
1069,2008-01-22,2.29
1070,2008-01-23,2.19
1071,2008-01-24,2.4
1072,2008-01-25,2.34
1073,2008-01-28,2.3
1074,2008-01-29,2.33
1075,2008-01-30,2.3
1076,2008-01-31,2.11
1077,2008-02-01,2.13
1078,2008-02-04,2.17
1079,2008-02-05,2.06
1080,2008-02-06,2.05
1081,2008-02-07,2.08
1082,2008-02-08,2.05
1083,2008-02-11,2.06
1084,2008-02-12,2.06
1085,2008-02-13,2.03
1086,2008-02-14,2.05
1087,2008-02-15,2.02
1088,2008-02-19,2.11
1089,2008-02-20,2.16
1090,2008-02-21,2.05
1091,2008-02-22,2.08
1092,2008-02-25,2.13
1093,2008-02-26,2.07
1094,2008-02-27,2.02
1095,2008-02-28,1.92
1096,2008-02-29,1.77
1097,2008-03-03,1.74
1098,2008-03-04,1.72
1099,2008-03-05,1.72
1100,2008-03-06,1.59
1101,2008-03-07,1.55
1102,2008-03-10,1.46
1103,2008-03-11,1.67
1104,2008-03-12,1.58
1105,2008-03-13,1.54
1106,2008-03-14,1.37
1107,2008-03-17,1.32
1108,2008-03-18,1.4
1109,2008-03-19,1.33
1110,2008-03-20,1.33
1111,2008-03-24,1.68
1112,2008-03-25,1.64
1113,2008-03-26,1.56
1114,2008-03-27,1.57
1115,2008-03-28,1.56
1116,2008-03-31,1.55
1117,2008-04-01,1.62
1118,2008-04-02,1.67
1119,2008-04-03,1.68
1120,2008-04-04,1.63
1121,2008-04-07,1.72
1122,2008-04-08,1.68
1123,2008-04-09,1.6
1124,2008-04-10,1.61
1125,2008-04-11,1.52
1126,2008-04-14,1.53
1127,2008-04-15,1.56
1128,2008-04-16,1.65
1129,2008-04-17,1.77
1130,2008-04-18,1.85
1131,2008-04-21,1.86
1132,2008-04-22,1.84
1133,2008-04-23,1.83
1134,2008-04-24,1.91
1135,2008-04-25,1.97
1136,2008-04-28,1.95
1137,2008-04-29,1.94
1138,2008-04-30,1.85
1139,2008-05-01,1.94
1140,2008-05-02,1.97
1141,2008-05-05,1.98
1142,2008-05-06,1.96
1143,2008-05-07,1.94
1144,2008-05-08,1.91
1145,2008-05-09,1.91
1146,2008-05-12,2.01
1147,2008-05-13,2.08
1148,2008-05-14,2.11
1149,2008-05-15,2.08
1150,2008-05-16,2.09
1151,2008-05-19,2.07
1152,2008-05-20,2.05
1153,2008-05-21,2.07
1154,2008-05-22,2.15
1155,2008-05-23,2.11
1156,2008-05-27,2.15
1157,2008-05-28,2.21
1158,2008-05-29,2.16
1159,2008-05-30,2.22
1160,2008-06-02,2.17
1161,2008-06-03,2.14
1162,2008-06-04,2.14
1163,2008-06-05,2.15
1164,2008-06-06,2.12
1165,2008-06-09,2.29
1166,2008-06-10,2.53
1167,2008-06-11,2.47
1168,2008-06-12,2.62
1169,2008-06-13,2.64
1170,2008-06-16,2.68
1171,2008-06-17,2.58
1172,2008-06-18,2.53
1173,2008-06-19,2.58
1174,2008-06-20,2.49
1175,2008-06-23,2.57
1176,2008-06-24,2.53
1177,2008-06-25,2.48
1178,2008-06-26,2.39
1179,2008-06-27,2.35
1180,2008-06-30,2.36
1181,2008-07-01,2.38
1182,2008-07-02,2.35
1183,2008-07-03,2.3
1184,2008-07-07,2.26
1185,2008-07-08,2.26
1186,2008-07-09,2.21
1187,2008-07-10,2.2
1188,2008-07-11,2.3
1189,2008-07-14,2.23
1190,2008-07-15,2.15
1191,2008-07-16,2.16
1192,2008-07-17,2.26
1193,2008-07-18,2.26
1194,2008-07-21,2.3
1195,2008-07-22,2.33
1196,2008-07-23,2.4
1197,2008-07-24,2.26
1198,2008-07-25,2.35
1199,2008-07-28,2.28
1200,2008-07-29,2.36
1201,2008-07-30,2.33
1202,2008-07-31,2.27
1203,2008-08-01,2.25
1204,2008-08-04,2.27
1205,2008-08-05,2.26
1206,2008-08-06,2.26
1207,2008-08-07,2.17
1208,2008-08-08,2.19
1209,2008-08-11,2.27
1210,2008-08-12,2.18
1211,2008-08-13,2.19
1212,2008-08-14,2.14
1213,2008-08-15,2.12
1214,2008-08-18,2.15
1215,2008-08-19,2.11
1216,2008-08-20,2.06
1217,2008-08-21,2.1
1218,2008-08-22,2.17
1219,2008-08-25,2.12
1220,2008-08-26,2.19
1221,2008-08-27,2.16
1222,2008-08-28,2.19
1223,2008-08-29,2.17
1224,2008-09-02,2.12
1225,2008-09-03,2.08
1226,2008-09-04,2.04
1227,2008-09-05,2.07
1228,2008-09-08,2.12
1229,2008-09-09,2.06
1230,2008-09-10,2.06
1231,2008-09-11,2.01
1232,2008-09-12,2.02
1233,2008-09-15,1.66
1234,2008-09-16,1.72
1235,2008-09-17,1.5
1236,2008-09-18,1.53
1237,2008-09-19,2.05
1238,2008-09-22,2.06
1239,2008-09-23,2.01
1240,2008-09-24,1.9
1241,2008-09-25,1.97
1242,2008-09-26,1.81
1243,2008-09-29,1.6
1244,2008-09-30,1.78
1245,2008-10-01,1.72
1246,2008-10-02,1.45
1247,2008-10-03,1.41
1248,2008-10-06,1.23
1249,2008-10-07,1.27
1250,2008-10-08,1.28
1251,2008-10-09,1.33
1252,2008-10-10,1.08
1253,2008-10-14,1.22
1254,2008-10-15,1.14
1255,2008-10-16,1.29
1256,2008-10-17,1.34
1257,2008-10-20,1.69
1258,2008-10-21,1.74
1259,2008-10-22,1.64
1260,2008-10-23,1.61
1261,2008-10-24,1.6
1262,2008-10-27,1.57
1263,2008-10-28,1.53
1264,2008-10-29,1.41
1265,2008-10-30,1.36
1266,2008-10-31,1.34
1267,2008-11-03,1.31
1268,2008-11-04,1.28
1269,2008-11-05,1.22
1270,2008-11-06,1.17
1271,2008-11-07,1.2
1272,2008-11-10,1.16
1273,2008-11-12,1.03
1274,2008-11-13,1.16
1275,2008-11-14,1.14
1276,2008-11-17,1.08
1277,2008-11-18,1.05
1278,2008-11-19,0.97
1279,2008-11-20,0.87
1280,2008-11-21,0.83
1281,2008-11-24,0.95
1282,2008-11-25,0.95
1283,2008-11-26,0.93
1284,2008-11-28,0.9
1285,2008-12-01,0.81
1286,2008-12-02,0.77
1287,2008-12-03,0.7
1288,2008-12-04,0.61
1289,2008-12-05,0.54
1290,2008-12-08,0.53
1291,2008-12-09,0.49
1292,2008-12-10,0.49
1293,2008-12-11,0.51
1294,2008-12-12,0.5
1295,2008-12-15,0.5
1296,2008-12-16,0.45
1297,2008-12-17,0.45
1298,2008-12-18,0.43
1299,2008-12-19,0.44
1300,2008-12-22,0.4
1301,2008-12-23,0.41
1302,2008-12-24,0.4
1303,2008-12-26,0.38
1304,2008-12-29,0.36
1305,2008-12-30,0.34
1306,2008-12-31,0.37
1307,2009-01-02,0.4
1308,2009-01-05,0.43
1309,2009-01-06,0.45
1310,2009-01-07,0.44
1311,2009-01-08,0.44
1312,2009-01-09,0.43
1313,2009-01-12,0.43
1314,2009-01-13,0.43
1315,2009-01-14,0.42
1316,2009-01-15,0.42
1317,2009-01-16,0.43
1318,2009-01-20,0.42
1319,2009-01-21,0.43
1320,2009-01-22,0.42
1321,2009-01-23,0.46
1322,2009-01-26,0.47
1323,2009-01-27,0.47
1324,2009-01-28,0.48
1325,2009-01-29,0.51
1326,2009-01-30,0.51
1327,2009-02-02,0.51
1328,2009-02-03,0.53
1329,2009-02-04,0.53
1330,2009-02-05,0.54
1331,2009-02-06,0.57
1332,2009-02-09,0.6
1333,2009-02-10,0.6
1334,2009-02-11,0.6
1335,2009-02-12,0.58
1336,2009-02-13,0.61
1337,2009-02-17,0.61
1338,2009-02-18,0.64
1339,2009-02-19,0.67
1340,2009-02-20,0.64
1341,2009-02-23,0.69
1342,2009-02-24,0.71
1343,2009-02-25,0.75
1344,2009-02-26,0.73
1345,2009-02-27,0.72
1346,2009-03-02,0.67
1347,2009-03-03,0.68
1348,2009-03-04,0.71
1349,2009-03-05,0.66
1350,2009-03-06,0.67
1351,2009-03-09,0.69
1352,2009-03-10,0.71
1353,2009-03-11,0.71
1354,2009-03-12,0.7
1355,2009-03-13,0.67
1356,2009-03-16,0.69
1357,2009-03-17,0.69
1358,2009-03-18,0.6
1359,2009-03-19,0.6
1360,2009-03-20,0.6
1361,2009-03-23,0.6
1362,2009-03-24,0.62
1363,2009-03-25,0.6
1364,2009-03-26,0.57
1365,2009-03-27,0.58
1366,2009-03-30,0.58
1367,2009-03-31,0.57
1368,2009-04-01,0.58
1369,2009-04-02,0.59
1370,2009-04-03,0.6
1371,2009-04-06,0.6
1372,2009-04-07,0.6
1373,2009-04-08,0.59
1374,2009-04-09,0.6
1375,2009-04-13,0.57
1376,2009-04-14,0.54
1377,2009-04-15,0.54
1378,2009-04-16,0.54
1379,2009-04-17,0.57
1380,2009-04-20,0.54
1381,2009-04-21,0.53
1382,2009-04-22,0.52
1383,2009-04-23,0.49
1384,2009-04-24,0.5
1385,2009-04-27,0.49
1386,2009-04-28,0.52
1387,2009-04-29,0.5
1388,2009-04-30,0.49
1389,2009-05-01,0.49
1390,2009-05-04,0.52
1391,2009-05-05,0.53
1392,2009-05-06,0.51
1393,2009-05-07,0.54
1394,2009-05-08,0.55
1395,2009-05-11,0.53
1396,2009-05-12,0.54
1397,2009-05-13,0.52
1398,2009-05-14,0.5
1399,2009-05-15,0.5
1400,2009-05-18,0.5
1401,2009-05-19,0.48
1402,2009-05-20,0.44
1403,2009-05-21,0.45
1404,2009-05-22,0.49
1405,2009-05-26,0.5
1406,2009-05-27,0.49
1407,2009-05-28,0.48
1408,2009-05-29,0.47
1409,2009-06-01,0.48
1410,2009-06-02,0.46
1411,2009-06-03,0.45
1412,2009-06-04,0.47
1413,2009-06-05,0.62
1414,2009-06-08,0.62
1415,2009-06-09,0.56
1416,2009-06-10,0.55
1417,2009-06-11,0.53
1418,2009-06-12,0.52
1419,2009-06-15,0.51
1420,2009-06-16,0.51
1421,2009-06-17,0.5
1422,2009-06-18,0.52
1423,2009-06-19,0.51
1424,2009-06-22,0.5
1425,2009-06-23,0.5
1426,2009-06-24,0.5
1427,2009-06-25,0.47
1428,2009-06-26,0.45
1429,2009-06-29,0.51
1430,2009-06-30,0.56
1431,2009-07-01,0.54
1432,2009-07-02,0.49
1433,2009-07-06,0.48
1434,2009-07-07,0.46
1435,2009-07-08,0.45
1436,2009-07-09,0.47
1437,2009-07-10,0.45
1438,2009-07-13,0.47
1439,2009-07-14,0.47
1440,2009-07-15,0.5
1441,2009-07-16,0.47
1442,2009-07-17,0.48
1443,2009-07-20,0.47
1444,2009-07-21,0.46
1445,2009-07-22,0.47
1446,2009-07-23,0.49
1447,2009-07-24,0.47
1448,2009-07-27,0.49
1449,2009-07-28,0.49
1450,2009-07-29,0.5
1451,2009-07-30,0.48
1452,2009-07-31,0.48
1453,2009-08-03,0.48
1454,2009-08-04,0.47
1455,2009-08-05,0.49
1456,2009-08-06,0.48
1457,2009-08-07,0.52
1458,2009-08-10,0.49
1459,2009-08-11,0.48
1460,2009-08-12,0.47
1461,2009-08-13,0.45
1462,2009-08-14,0.44
1463,2009-08-17,0.45
1464,2009-08-18,0.43
1465,2009-08-19,0.43
1466,2009-08-20,0.42
1467,2009-08-21,0.45
1468,2009-08-24,0.44
1469,2009-08-25,0.47
1470,2009-08-26,0.45
1471,2009-08-27,0.46
1472,2009-08-28,0.44
1473,2009-08-31,0.43
1474,2009-09-01,0.43
1475,2009-09-02,0.41
1476,2009-09-03,0.42
1477,2009-09-04,0.42
1478,2009-09-08,0.41
1479,2009-09-09,0.4
1480,2009-09-10,0.4
1481,2009-09-11,0.39
1482,2009-09-14,0.4
1483,2009-09-15,0.39
1484,2009-09-16,0.38
1485,2009-09-17,0.4
1486,2009-09-18,0.41
1487,2009-09-21,0.4
1488,2009-09-22,0.42
1489,2009-09-23,0.41
1490,2009-09-24,0.39
1491,2009-09-25,0.41
1492,2009-09-28,0.4
1493,2009-09-29,0.41
1494,2009-09-30,0.4
1495,2009-10-01,0.37
1496,2009-10-02,0.37
1497,2009-10-05,0.36
1498,2009-10-06,0.37
1499,2009-10-07,0.34
1500,2009-10-08,0.35
1501,2009-10-09,0.38
1502,2009-10-13,0.35
1503,2009-10-14,0.35
1504,2009-10-15,0.36
1505,2009-10-16,0.36
1506,2009-10-19,0.38
1507,2009-10-20,0.39
1508,2009-10-21,0.4
1509,2009-10-22,0.38
1510,2009-10-23,0.4
1511,2009-10-26,0.41
1512,2009-10-27,0.39
1513,2009-10-28,0.39
1514,2009-10-29,0.4
1515,2009-10-30,0.37
1516,2009-11-02,0.38
1517,2009-11-03,0.38
1518,2009-11-04,0.36
1519,2009-11-05,0.36
1520,2009-11-06,0.34
1521,2009-11-09,0.34
1522,2009-11-10,0.33
1523,2009-11-12,0.32
1524,2009-11-13,0.32
1525,2009-11-16,0.31
1526,2009-11-17,0.32
1527,2009-11-18,0.29
1528,2009-11-19,0.27
1529,2009-11-20,0.27
1530,2009-11-23,0.29
1531,2009-11-24,0.28
1532,2009-11-25,0.26
1533,2009-11-27,0.26
1534,2009-11-30,0.27
1535,2009-12-01,0.26
1536,2009-12-02,0.28
1537,2009-12-03,0.3
1538,2009-12-04,0.36
1539,2009-12-07,0.32
1540,2009-12-08,0.29
1541,2009-12-09,0.31
1542,2009-12-10,0.32
1543,2009-12-11,0.35
1544,2009-12-14,0.37
1545,2009-12-15,0.41
1546,2009-12-16,0.38
1547,2009-12-17,0.35
1548,2009-12-18,0.36
1549,2009-12-21,0.4
1550,2009-12-22,0.41
1551,2009-12-23,0.41
1552,2009-12-24,0.43
1553,2009-12-28,0.47
1554,2009-12-29,0.47
1555,2009-12-30,0.45
1556,2009-12-31,0.47
1557,2010-01-04,0.45
1558,2010-01-05,0.41
1559,2010-01-06,0.4
1560,2010-01-07,0.4
1561,2010-01-08,0.37
1562,2010-01-11,0.35
1563,2010-01-12,0.34
1564,2010-01-13,0.37
1565,2010-01-14,0.34
1566,2010-01-15,0.33
1567,2010-01-19,0.33
1568,2010-01-20,0.31
1569,2010-01-21,0.31
1570,2010-01-22,0.3
1571,2010-01-25,0.3
1572,2010-01-26,0.32
1573,2010-01-27,0.33
1574,2010-01-28,0.31
1575,2010-01-29,0.3
1576,2010-02-01,0.33
1577,2010-02-02,0.33
1578,2010-02-03,0.35
1579,2010-02-04,0.32
1580,2010-02-05,0.31
1581,2010-02-08,0.32
1582,2010-02-09,0.34
1583,2010-02-10,0.38
1584,2010-02-11,0.38
1585,2010-02-12,0.35
1586,2010-02-16,0.34
1587,2010-02-17,0.35
1588,2010-02-18,0.37
1589,2010-02-19,0.39
1590,2010-02-22,0.37
1591,2010-02-23,0.36
1592,2010-02-24,0.34
1593,2010-02-25,0.32
1594,2010-02-26,0.32
1595,2010-03-01,0.32
1596,2010-03-02,0.32
1597,2010-03-03,0.33
1598,2010-03-04,0.35
1599,2010-03-05,0.38
1600,2010-03-08,0.39
1601,2010-03-09,0.37
1602,2010-03-10,0.39
1603,2010-03-11,0.4
1604,2010-03-12,0.41
1605,2010-03-15,0.4
1606,2010-03-16,0.41
1607,2010-03-17,0.41
1608,2010-03-18,0.41
1609,2010-03-19,0.42
1610,2010-03-22,0.41
1611,2010-03-23,0.4
1612,2010-03-24,0.44
1613,2010-03-25,0.44
1614,2010-03-26,0.43
1615,2010-03-29,0.42
1616,2010-03-30,0.44
1617,2010-03-31,0.41
1618,2010-04-01,0.42
1619,2010-04-02,0.46
1620,2010-04-05,0.48
1621,2010-04-06,0.49
1622,2010-04-07,0.47
1623,2010-04-08,0.46
1624,2010-04-09,0.46
1625,2010-04-12,0.46
1626,2010-04-13,0.45
1627,2010-04-14,0.45
1628,2010-04-15,0.43
1629,2010-04-16,0.41
1630,2010-04-19,0.43
1631,2010-04-20,0.42
1632,2010-04-21,0.44
1633,2010-04-22,0.45
1634,2010-04-23,0.46
1635,2010-04-26,0.47
1636,2010-04-27,0.42
1637,2010-04-28,0.43
1638,2010-04-29,0.42
1639,2010-04-30,0.41
1640,2010-05-03,0.43
1641,2010-05-04,0.43
1642,2010-05-05,0.39
1643,2010-05-06,0.34
1644,2010-05-07,0.38
1645,2010-05-10,0.39
1646,2010-05-11,0.38
1647,2010-05-12,0.4
1648,2010-05-13,0.4
1649,2010-05-14,0.34
1650,2010-05-17,0.36
1651,2010-05-18,0.35
1652,2010-05-19,0.35
1653,2010-05-20,0.34
1654,2010-05-21,0.35
1655,2010-05-24,0.35
1656,2010-05-25,0.36
1657,2010-05-26,0.37
1658,2010-05-27,0.37
1659,2010-05-28,0.34
1660,2010-06-01,0.35
1661,2010-06-02,0.38
1662,2010-06-03,0.38
1663,2010-06-04,0.34
1664,2010-06-07,0.35
1665,2010-06-08,0.34
1666,2010-06-09,0.33
1667,2010-06-10,0.34
1668,2010-06-11,0.3
1669,2010-06-14,0.31
1670,2010-06-15,0.31
1671,2010-06-16,0.3
1672,2010-06-17,0.28
1673,2010-06-18,0.3
1674,2010-06-21,0.29
1675,2010-06-22,0.29
1676,2010-06-23,0.3
1677,2010-06-24,0.29
1678,2010-06-25,0.29
1679,2010-06-28,0.3
1680,2010-06-29,0.31
1681,2010-06-30,0.32
1682,2010-07-01,0.32
1683,2010-07-02,0.31
1684,2010-07-06,0.32
1685,2010-07-07,0.31
1686,2010-07-08,0.3
1687,2010-07-09,0.3
1688,2010-07-12,0.3
1689,2010-07-13,0.3
1690,2010-07-14,0.27
1691,2010-07-15,0.27
1692,2010-07-16,0.28
1693,2010-07-19,0.28
1694,2010-07-20,0.27
1695,2010-07-21,0.27
1696,2010-07-22,0.27
1697,2010-07-23,0.27
1698,2010-07-26,0.29
1699,2010-07-27,0.3
1700,2010-07-28,0.3
1701,2010-07-29,0.3
1702,2010-07-30,0.29
1703,2010-08-02,0.28
1704,2010-08-03,0.27
1705,2010-08-04,0.28
1706,2010-08-05,0.27
1707,2010-08-06,0.25
1708,2010-08-09,0.26
1709,2010-08-10,0.25
1710,2010-08-11,0.25
1711,2010-08-12,0.25
1712,2010-08-13,0.26
1713,2010-08-16,0.25
1714,2010-08-17,0.26
1715,2010-08-18,0.25
1716,2010-08-19,0.25
1717,2010-08-20,0.26
1718,2010-08-23,0.25
1719,2010-08-24,0.27
1720,2010-08-25,0.26
1721,2010-08-26,0.25
1722,2010-08-27,0.27
1723,2010-08-30,0.26
1724,2010-08-31,0.25
1725,2010-09-01,0.25
1726,2010-09-02,0.25
1727,2010-09-03,0.25
1728,2010-09-07,0.25
1729,2010-09-08,0.24
1730,2010-09-09,0.26
1731,2010-09-10,0.27
1732,2010-09-13,0.26
1733,2010-09-14,0.26
1734,2010-09-15,0.26
1735,2010-09-16,0.25
1736,2010-09-17,0.26
1737,2010-09-20,0.26
1738,2010-09-21,0.26
1739,2010-09-22,0.25
1740,2010-09-23,0.25
1741,2010-09-24,0.25
1742,2010-09-27,0.26
1743,2010-09-28,0.26
1744,2010-09-29,0.27
1745,2010-09-30,0.27
1746,2010-10-01,0.26
1747,2010-10-04,0.26
1748,2010-10-05,0.25
1749,2010-10-06,0.24
1750,2010-10-07,0.23
1751,2010-10-08,0.21
1752,2010-10-12,0.21
1753,2010-10-13,0.22
1754,2010-10-14,0.22
1755,2010-10-15,0.22
1756,2010-10-18,0.23
1757,2010-10-19,0.22
1758,2010-10-20,0.22
1759,2010-10-21,0.22
1760,2010-10-22,0.21
1761,2010-10-25,0.23
1762,2010-10-26,0.23
1763,2010-10-27,0.23
1764,2010-10-28,0.23
1765,2010-10-29,0.22
1766,2010-11-01,0.22
1767,2010-11-02,0.22
1768,2010-11-03,0.22
1769,2010-11-04,0.21
1770,2010-11-05,0.22
1771,2010-11-08,0.22
1772,2010-11-09,0.24
1773,2010-11-10,0.24
1774,2010-11-12,0.27
1775,2010-11-15,0.29
1776,2010-11-16,0.27
1777,2010-11-17,0.26
1778,2010-11-18,0.26
1779,2010-11-19,0.27
1780,2010-11-22,0.26
1781,2010-11-23,0.26
1782,2010-11-24,0.28
1783,2010-11-26,0.28
1784,2010-11-29,0.28
1785,2010-11-30,0.27
1786,2010-12-01,0.28
1787,2010-12-02,0.29
1788,2010-12-03,0.26
1789,2010-12-06,0.26
1790,2010-12-07,0.28
1791,2010-12-08,0.3
1792,2010-12-09,0.3
1793,2010-12-10,0.29
1794,2010-12-13,0.29
1795,2010-12-14,0.3
1796,2010-12-15,0.3
1797,2010-12-16,0.31
1798,2010-12-17,0.3
1799,2010-12-20,0.3
1800,2010-12-21,0.3
1801,2010-12-22,0.3
1802,2010-12-23,0.3
1803,2010-12-27,0.32
1804,2010-12-28,0.31
1805,2010-12-29,0.3
1806,2010-12-30,0.29
1807,2010-12-31,0.29
1808,2011-01-03,0.29
1809,2011-01-04,0.28
1810,2011-01-05,0.31
1811,2011-01-06,0.3
1812,2011-01-07,0.29
1813,2011-01-10,0.29
1814,2011-01-11,0.28
1815,2011-01-12,0.26
1816,2011-01-13,0.26
1817,2011-01-14,0.27
1818,2011-01-18,0.26
1819,2011-01-19,0.27
1820,2011-01-20,0.27
1821,2011-01-21,0.27
1822,2011-01-24,0.28
1823,2011-01-25,0.27
1824,2011-01-26,0.27
1825,2011-01-27,0.25
1826,2011-01-28,0.24
1827,2011-01-31,0.26
1828,2011-02-01,0.27
1829,2011-02-02,0.28
1830,2011-02-03,0.29
1831,2011-02-04,0.31
1832,2011-02-07,0.31
1833,2011-02-08,0.31
1834,2011-02-09,0.3
1835,2011-02-10,0.3
1836,2011-02-11,0.3
1837,2011-02-14,0.3
1838,2011-02-15,0.3
1839,2011-02-16,0.29
1840,2011-02-17,0.27
1841,2011-02-18,0.28
1842,2011-02-22,0.28
1843,2011-02-23,0.27
1844,2011-02-24,0.26
1845,2011-02-25,0.27
1846,2011-02-28,0.25
1847,2011-03-01,0.25
1848,2011-03-02,0.26
1849,2011-03-03,0.29
1850,2011-03-04,0.26
1851,2011-03-07,0.25
1852,2011-03-08,0.26
1853,2011-03-09,0.26
1854,2011-03-10,0.25
1855,2011-03-11,0.24
1856,2011-03-14,0.22
1857,2011-03-15,0.23
1858,2011-03-16,0.21
1859,2011-03-17,0.24
1860,2011-03-18,0.23
1861,2011-03-21,0.25
1862,2011-03-22,0.25
1863,2011-03-23,0.24
1864,2011-03-24,0.26
1865,2011-03-25,0.3
1866,2011-03-28,0.3
1867,2011-03-29,0.31
1868,2011-03-30,0.3
1869,2011-03-31,0.3
1870,2011-04-01,0.27
1871,2011-04-04,0.24
1872,2011-04-05,0.3
1873,2011-04-06,0.29
1874,2011-04-07,0.27
1875,2011-04-08,0.27
1876,2011-04-11,0.26
1877,2011-04-12,0.24
1878,2011-04-13,0.23
1879,2011-04-14,0.25
1880,2011-04-15,0.24
1881,2011-04-18,0.24
1882,2011-04-19,0.24
1883,2011-04-20,0.24
1884,2011-04-21,0.23
1885,2011-04-25,0.23
1886,2011-04-26,0.22
1887,2011-04-27,0.22
1888,2011-04-28,0.23
1889,2011-04-29,0.22
1890,2011-05-02,0.22
1891,2011-05-03,0.2
1892,2011-05-04,0.19
1893,2011-05-05,0.2
1894,2011-05-06,0.18
1895,2011-05-09,0.17
1896,2011-05-10,0.19
1897,2011-05-11,0.18
1898,2011-05-12,0.18
1899,2011-05-13,0.19
1900,2011-05-16,0.18
1901,2011-05-17,0.19
1902,2011-05-18,0.19
1903,2011-05-19,0.19
1904,2011-05-20,0.18
1905,2011-05-23,0.2
1906,2011-05-24,0.2
1907,2011-05-25,0.18
1908,2011-05-26,0.18
1909,2011-05-27,0.18
1910,2011-05-31,0.18
1911,2011-06-01,0.18
1912,2011-06-02,0.19
1913,2011-06-03,0.18
1914,2011-06-06,0.18
1915,2011-06-07,0.18
1916,2011-06-08,0.18
1917,2011-06-09,0.19
1918,2011-06-10,0.19
1919,2011-06-13,0.18
1920,2011-06-14,0.19
1921,2011-06-15,0.19
1922,2011-06-16,0.18
1923,2011-06-17,0.17
1924,2011-06-20,0.18
1925,2011-06-21,0.18
1926,2011-06-22,0.16
1927,2011-06-23,0.15
1928,2011-06-24,0.16
1929,2011-06-27,0.18
1930,2011-06-28,0.21
1931,2011-06-29,0.19
1932,2011-06-30,0.19
1933,2011-07-01,0.2
1934,2011-07-05,0.19
1935,2011-07-06,0.19
1936,2011-07-07,0.2
1937,2011-07-08,0.17
1938,2011-07-11,0.17
1939,2011-07-12,0.18
1940,2011-07-13,0.16
1941,2011-07-14,0.15
1942,2011-07-15,0.15
1943,2011-07-18,0.15
1944,2011-07-19,0.17
1945,2011-07-20,0.19
1946,2011-07-21,0.2
1947,2011-07-22,0.2
1948,2011-07-25,0.2
1949,2011-07-26,0.21
1950,2011-07-27,0.21
1951,2011-07-28,0.21
1952,2011-07-29,0.2
1953,2011-08-01,0.22
1954,2011-08-02,0.17
1955,2011-08-03,0.16
1956,2011-08-04,0.12
1957,2011-08-05,0.11
1958,2011-08-08,0.12
1959,2011-08-09,0.11
1960,2011-08-10,0.09
1961,2011-08-11,0.1
1962,2011-08-12,0.11
1963,2011-08-15,0.12
1964,2011-08-16,0.12
1965,2011-08-17,0.12
1966,2011-08-18,0.1
1967,2011-08-19,0.1
1968,2011-08-22,0.09
1969,2011-08-23,0.1
1970,2011-08-24,0.11
1971,2011-08-25,0.1
1972,2011-08-26,0.09
1973,2011-08-29,0.09
1974,2011-08-30,0.09
1975,2011-08-31,0.1
1976,2011-09-01,0.1
1977,2011-09-02,0.1
1978,2011-09-06,0.13
1979,2011-09-07,0.11
1980,2011-09-08,0.12
1981,2011-09-09,0.11
1982,2011-09-12,0.11
1983,2011-09-13,0.1
1984,2011-09-14,0.09
1985,2011-09-15,0.1
1986,2011-09-16,0.09
1987,2011-09-19,0.08
1988,2011-09-20,0.09
1989,2011-09-21,0.11
1990,2011-09-22,0.1
1991,2011-09-23,0.1
1992,2011-09-26,0.1
1993,2011-09-27,0.1
1994,2011-09-28,0.12
1995,2011-09-29,0.11
1996,2011-09-30,0.13
1997,2011-10-03,0.12
1998,2011-10-04,0.11
1999,2011-10-05,0.1
2000,2011-10-06,0.09
2001,2011-10-07,0.11
2002,2011-10-11,0.12
2003,2011-10-12,0.09
2004,2011-10-13,0.11
2005,2011-10-14,0.11
2006,2011-10-17,0.12
2007,2011-10-18,0.12
2008,2011-10-19,0.11
2009,2011-10-20,0.12
2010,2011-10-21,0.12
2011,2011-10-24,0.11
2012,2011-10-25,0.11
2013,2011-10-26,0.13
2014,2011-10-27,0.14
2015,2011-10-28,0.13
2016,2011-10-31,0.12
2017,2011-11-01,0.13
2018,2011-11-02,0.11
2019,2011-11-03,0.11
2020,2011-11-04,0.11
2021,2011-11-07,0.09
2022,2011-11-08,0.1
2023,2011-11-09,0.1
2024,2011-11-10,0.1
2025,2011-11-14,0.09
2026,2011-11-15,0.11
2027,2011-11-16,0.11
2028,2011-11-17,0.1
2029,2011-11-18,0.12
2030,2011-11-21,0.11
2031,2011-11-22,0.11
2032,2011-11-23,0.12
2033,2011-11-25,0.13
2034,2011-11-28,0.13
2035,2011-11-29,0.14
2036,2011-11-30,0.12
2037,2011-12-01,0.12
2038,2011-12-02,0.12
2039,2011-12-05,0.11
2040,2011-12-06,0.11
2041,2011-12-07,0.11
2042,2011-12-08,0.1
2043,2011-12-09,0.11
2044,2011-12-12,0.1
2045,2011-12-13,0.11
2046,2011-12-14,0.12
2047,2011-12-15,0.12
2048,2011-12-16,0.11
2049,2011-12-19,0.11
2050,2011-12-20,0.12
2051,2011-12-21,0.13
2052,2011-12-22,0.12
2053,2011-12-23,0.12
2054,2011-12-27,0.12
2055,2011-12-28,0.12
2056,2011-12-29,0.12
2057,2011-12-30,0.12
2058,2012-01-03,0.12
2059,2012-01-04,0.12
2060,2012-01-05,0.11
2061,2012-01-06,0.12
2062,2012-01-09,0.11
2063,2012-01-10,0.11
2064,2012-01-11,0.11
2065,2012-01-12,0.11
2066,2012-01-13,0.1
2067,2012-01-17,0.11
2068,2012-01-18,0.11
2069,2012-01-19,0.11
2070,2012-01-20,0.11
2071,2012-01-23,0.12
2072,2012-01-24,0.12
2073,2012-01-25,0.12
2074,2012-01-26,0.12
2075,2012-01-27,0.12
2076,2012-01-30,0.12
2077,2012-01-31,0.13
2078,2012-02-01,0.13
2079,2012-02-02,0.14
2080,2012-02-03,0.14
2081,2012-02-06,0.14
2082,2012-02-07,0.14
2083,2012-02-08,0.15
2084,2012-02-09,0.15
2085,2012-02-10,0.15
2086,2012-02-13,0.15
2087,2012-02-14,0.18
2088,2012-02-15,0.18
2089,2012-02-16,0.17
2090,2012-02-17,0.18
2091,2012-02-21,0.17
2092,2012-02-22,0.17
2093,2012-02-23,0.17
2094,2012-02-24,0.18
2095,2012-02-27,0.17
2096,2012-02-28,0.18
2097,2012-02-29,0.18
2098,2012-03-01,0.18
2099,2012-03-02,0.17
2100,2012-03-05,0.17
2101,2012-03-06,0.17
2102,2012-03-07,0.18
2103,2012-03-08,0.18
2104,2012-03-09,0.18
2105,2012-03-12,0.18
2106,2012-03-13,0.2
2107,2012-03-14,0.21
2108,2012-03-15,0.21
2109,2012-03-16,0.21
2110,2012-03-19,0.21
2111,2012-03-20,0.22
2112,2012-03-21,0.21
2113,2012-03-22,0.19
2114,2012-03-23,0.19
2115,2012-03-26,0.19
2116,2012-03-27,0.18
2117,2012-03-28,0.18
2118,2012-03-29,0.18
2119,2012-03-30,0.19
2120,2012-04-02,0.18
2121,2012-04-03,0.2
2122,2012-04-04,0.19
2123,2012-04-05,0.19
2124,2012-04-06,0.19
2125,2012-04-09,0.19
2126,2012-04-10,0.19
2127,2012-04-11,0.18
2128,2012-04-12,0.18
2129,2012-04-13,0.17
2130,2012-04-16,0.18
2131,2012-04-17,0.18
2132,2012-04-18,0.18
2133,2012-04-19,0.17
2134,2012-04-20,0.18
2135,2012-04-23,0.17
2136,2012-04-24,0.18
2137,2012-04-25,0.18
2138,2012-04-26,0.18
2139,2012-04-27,0.19
2140,2012-04-30,0.2
2141,2012-05-01,0.19
2142,2012-05-02,0.18
2143,2012-05-03,0.19
2144,2012-05-04,0.18
2145,2012-05-07,0.18
2146,2012-05-08,0.18
2147,2012-05-09,0.18
2148,2012-05-10,0.18
2149,2012-05-11,0.18
2150,2012-05-14,0.19
2151,2012-05-15,0.19
2152,2012-05-16,0.2
2153,2012-05-17,0.2
2154,2012-05-18,0.2
2155,2012-05-21,0.21
2156,2012-05-22,0.21
2157,2012-05-23,0.2
2158,2012-05-24,0.21
2159,2012-05-25,0.2
2160,2012-05-29,0.2
2161,2012-05-30,0.19
2162,2012-05-31,0.18
2163,2012-06-01,0.17
2164,2012-06-04,0.18
2165,2012-06-05,0.18
2166,2012-06-06,0.18
2167,2012-06-07,0.18
2168,2012-06-08,0.19
2169,2012-06-11,0.18
2170,2012-06-12,0.19
2171,2012-06-13,0.18
2172,2012-06-14,0.18
2173,2012-06-15,0.18
2174,2012-06-18,0.18
2175,2012-06-19,0.18
2176,2012-06-20,0.2
2177,2012-06-21,0.19
2178,2012-06-22,0.19
2179,2012-06-25,0.19
2180,2012-06-26,0.21
2181,2012-06-27,0.21
2182,2012-06-28,0.22
2183,2012-06-29,0.21
2184,2012-07-02,0.21
2185,2012-07-03,0.21
2186,2012-07-05,0.19
2187,2012-07-06,0.2
2188,2012-07-09,0.2
2189,2012-07-10,0.2
2190,2012-07-11,0.2
2191,2012-07-12,0.2
2192,2012-07-13,0.2
2193,2012-07-16,0.18
2194,2012-07-17,0.18
2195,2012-07-18,0.18
2196,2012-07-19,0.17
2197,2012-07-20,0.17
2198,2012-07-23,0.17
2199,2012-07-24,0.18
2200,2012-07-25,0.17
2201,2012-07-26,0.18
2202,2012-07-27,0.17
2203,2012-07-30,0.18
2204,2012-07-31,0.16
2205,2012-08-01,0.17
2206,2012-08-02,0.17
2207,2012-08-03,0.16
2208,2012-08-06,0.16
2209,2012-08-07,0.19
2210,2012-08-08,0.19
2211,2012-08-09,0.2
2212,2012-08-10,0.18
2213,2012-08-13,0.19
2214,2012-08-14,0.19
2215,2012-08-15,0.19
2216,2012-08-16,0.2
2217,2012-08-17,0.2
2218,2012-08-20,0.19
2219,2012-08-21,0.2
2220,2012-08-22,0.19
2221,2012-08-23,0.19
2222,2012-08-24,0.19
2223,2012-08-27,0.18
2224,2012-08-28,0.18
2225,2012-08-29,0.18
2226,2012-08-30,0.17
2227,2012-08-31,0.16
2228,2012-09-04,0.16
2229,2012-09-05,0.17
2230,2012-09-06,0.18
2231,2012-09-07,0.18
2232,2012-09-10,0.18
2233,2012-09-11,0.18
2234,2012-09-12,0.18
2235,2012-09-13,0.17
2236,2012-09-14,0.18
2237,2012-09-17,0.18
2238,2012-09-18,0.18
2239,2012-09-19,0.18
2240,2012-09-20,0.18
2241,2012-09-21,0.18
2242,2012-09-24,0.18
2243,2012-09-25,0.18
2244,2012-09-26,0.17
2245,2012-09-27,0.16
2246,2012-09-28,0.17
2247,2012-10-01,0.17
2248,2012-10-02,0.16
2249,2012-10-03,0.16
2250,2012-10-04,0.18
2251,2012-10-05,0.18
2252,2012-10-09,0.18
2253,2012-10-10,0.18
2254,2012-10-11,0.18
2255,2012-10-12,0.18
2256,2012-10-15,0.19
2257,2012-10-16,0.18
2258,2012-10-17,0.18
2259,2012-10-18,0.18
2260,2012-10-19,0.18
2261,2012-10-22,0.19
2262,2012-10-23,0.18
2263,2012-10-24,0.18
2264,2012-10-25,0.19
2265,2012-10-26,0.19
2266,2012-10-29,0.18
2267,2012-10-31,0.18
2268,2012-11-01,0.18
2269,2012-11-02,0.19
2270,2012-11-05,0.19
2271,2012-11-06,0.19
2272,2012-11-07,0.18
2273,2012-11-08,0.2
2274,2012-11-09,0.18
2275,2012-11-13,0.18
2276,2012-11-14,0.18
2277,2012-11-15,0.17
2278,2012-11-16,0.16
2279,2012-11-19,0.16
2280,2012-11-20,0.16
2281,2012-11-21,0.17
2282,2012-11-23,0.19
2283,2012-11-26,0.17
2284,2012-11-27,0.18
2285,2012-11-28,0.18
2286,2012-11-29,0.18
2287,2012-11-30,0.18
2288,2012-12-03,0.18
2289,2012-12-04,0.18
2290,2012-12-05,0.18
2291,2012-12-06,0.18
2292,2012-12-07,0.18
2293,2012-12-10,0.18
2294,2012-12-11,0.16
2295,2012-12-12,0.14
2296,2012-12-13,0.14
2297,2012-12-14,0.13
2298,2012-12-17,0.13
2299,2012-12-18,0.16
2300,2012-12-19,0.15
2301,2012-12-20,0.15
2302,2012-12-21,0.15
2303,2012-12-24,0.16
2304,2012-12-26,0.16
2305,2012-12-27,0.15
2306,2012-12-28,0.15
2307,2012-12-31,0.16
2308,2013-01-02,0.15
2309,2013-01-03,0.15
2310,2013-01-04,0.15
2311,2013-01-07,0.15
2312,2013-01-08,0.14
2313,2013-01-09,0.13
2314,2013-01-10,0.14
2315,2013-01-11,0.14
2316,2013-01-14,0.14
2317,2013-01-15,0.14
2318,2013-01-16,0.14
2319,2013-01-17,0.14
2320,2013-01-18,0.14
2321,2013-01-22,0.14
2322,2013-01-23,0.15
2323,2013-01-24,0.15
2324,2013-01-25,0.15
2325,2013-01-28,0.16
2326,2013-01-29,0.15
2327,2013-01-30,0.15
2328,2013-01-31,0.15
2329,2013-02-01,0.15
2330,2013-02-04,0.15
2331,2013-02-05,0.15
2332,2013-02-06,0.15
2333,2013-02-07,0.15
2334,2013-02-08,0.14
2335,2013-02-11,0.15
2336,2013-02-12,0.14
2337,2013-02-13,0.15
2338,2013-02-14,0.16
2339,2013-02-15,0.17
2340,2013-02-19,0.17
2341,2013-02-20,0.17
2342,2013-02-21,0.16
2343,2013-02-22,0.16
2344,2013-02-25,0.16
2345,2013-02-26,0.17
2346,2013-02-27,0.17
2347,2013-02-28,0.17
2348,2013-03-01,0.16
2349,2013-03-04,0.16
2350,2013-03-05,0.15
2351,2013-03-06,0.15
2352,2013-03-07,0.15
2353,2013-03-08,0.15
2354,2013-03-11,0.15
2355,2013-03-12,0.15
2356,2013-03-13,0.15
2357,2013-03-14,0.15
2358,2013-03-15,0.14
2359,2013-03-18,0.15
2360,2013-03-19,0.15
2361,2013-03-20,0.15
2362,2013-03-21,0.14
2363,2013-03-22,0.14
2364,2013-03-25,0.14
2365,2013-03-26,0.14
2366,2013-03-27,0.14
2367,2013-03-28,0.14
2368,2013-04-01,0.14
2369,2013-04-02,0.14
2370,2013-04-03,0.13
2371,2013-04-04,0.13
2372,2013-04-05,0.13
2373,2013-04-08,0.13
2374,2013-04-09,0.13
2375,2013-04-10,0.12
2376,2013-04-11,0.12
2377,2013-04-12,0.11
2378,2013-04-15,0.12
2379,2013-04-16,0.13
2380,2013-04-17,0.13
2381,2013-04-18,0.12
2382,2013-04-19,0.12
2383,2013-04-22,0.12
2384,2013-04-23,0.12
2385,2013-04-24,0.13
2386,2013-04-25,0.12
2387,2013-04-26,0.12
2388,2013-04-29,0.12
2389,2013-04-30,0.11
2390,2013-05-01,0.11
2391,2013-05-02,0.11
2392,2013-05-03,0.11
2393,2013-05-06,0.11
2394,2013-05-07,0.1
2395,2013-05-08,0.11
2396,2013-05-09,0.11
2397,2013-05-10,0.11
2398,2013-05-13,0.13
2399,2013-05-14,0.12
2400,2013-05-15,0.12
2401,2013-05-16,0.12
2402,2013-05-17,0.12
2403,2013-05-20,0.12
2404,2013-05-21,0.12
2405,2013-05-22,0.11
2406,2013-05-23,0.12
2407,2013-05-24,0.12
2408,2013-05-28,0.13
2409,2013-05-29,0.14
2410,2013-05-30,0.13
2411,2013-05-31,0.14
2412,2013-06-03,0.14
2413,2013-06-04,0.14
2414,2013-06-05,0.14
2415,2013-06-06,0.14
2416,2013-06-07,0.14
2417,2013-06-10,0.14
2418,2013-06-11,0.14
2419,2013-06-12,0.14
2420,2013-06-13,0.14
2421,2013-06-14,0.13
2422,2013-06-17,0.13
2423,2013-06-18,0.13
2424,2013-06-19,0.13
2425,2013-06-20,0.14
2426,2013-06-21,0.13
2427,2013-06-24,0.16
2428,2013-06-25,0.17
2429,2013-06-26,0.16
2430,2013-06-27,0.15
2431,2013-06-28,0.15
2432,2013-07-01,0.15
2433,2013-07-02,0.14
2434,2013-07-03,0.14
2435,2013-07-05,0.15
2436,2013-07-08,0.14
2437,2013-07-09,0.14
2438,2013-07-10,0.13
2439,2013-07-11,0.13
2440,2013-07-12,0.12
2441,2013-07-15,0.11
2442,2013-07-16,0.1
2443,2013-07-17,0.11
2444,2013-07-18,0.11
2445,2013-07-19,0.11
2446,2013-07-22,0.1
2447,2013-07-23,0.12
2448,2013-07-24,0.12
2449,2013-07-25,0.12
2450,2013-07-26,0.11
2451,2013-07-29,0.11
2452,2013-07-30,0.11
2453,2013-07-31,0.11
2454,2013-08-01,0.13
2455,2013-08-02,0.11
2456,2013-08-05,0.12
2457,2013-08-06,0.12
2458,2013-08-07,0.12
2459,2013-08-08,0.12
2460,2013-08-09,0.11
2461,2013-08-12,0.12
2462,2013-08-13,0.12
2463,2013-08-14,0.12
2464,2013-08-15,0.13
2465,2013-08-16,0.13
2466,2013-08-19,0.13
2467,2013-08-20,0.13
2468,2013-08-21,0.14
2469,2013-08-22,0.14
2470,2013-08-23,0.14
2471,2013-08-26,0.13
2472,2013-08-27,0.12
2473,2013-08-28,0.14
2474,2013-08-29,0.14
2475,2013-08-30,0.13
2476,2013-09-03,0.14
2477,2013-09-04,0.14
2478,2013-09-05,0.16
2479,2013-09-06,0.14
2480,2013-09-09,0.12
2481,2013-09-10,0.13
2482,2013-09-11,0.12
2483,2013-09-12,0.13
2484,2013-09-13,0.13
2485,2013-09-16,0.13
2486,2013-09-17,0.12
2487,2013-09-18,0.11
2488,2013-09-19,0.1
2489,2013-09-20,0.11
2490,2013-09-23,0.1
2491,2013-09-24,0.1
2492,2013-09-25,0.1
2493,2013-09-26,0.09
2494,2013-09-27,0.1
2495,2013-09-30,0.1
2496,2013-10-01,0.1
2497,2013-10-02,0.11
2498,2013-10-03,0.11
2499,2013-10-04,0.11
2500,2013-10-07,0.12
2501,2013-10-08,0.15
2502,2013-10-09,0.15
2503,2013-10-10,0.14
2504,2013-10-11,0.14
2505,2013-10-15,0.16
2506,2013-10-16,0.15
2507,2013-10-17,0.13
2508,2013-10-18,0.12
2509,2013-10-21,0.11
2510,2013-10-22,0.1
2511,2013-10-23,0.11
2512,2013-10-24,0.12
2513,2013-10-25,0.11
2514,2013-10-28,0.11
2515,2013-10-29,0.11
2516,2013-10-30,0.11
2517,2013-10-31,0.1
2518,2013-11-01,0.1
2519,2013-11-04,0.09
2520,2013-11-05,0.1
2521,2013-11-06,0.11
2522,2013-11-07,0.11
2523,2013-11-08,0.12
2524,2013-11-12,0.13
2525,2013-11-13,0.13
2526,2013-11-14,0.13
2527,2013-11-15,0.13
2528,2013-11-18,0.13
2529,2013-11-19,0.14
2530,2013-11-20,0.12
2531,2013-11-21,0.12
2532,2013-11-22,0.12
2533,2013-11-25,0.14
2534,2013-11-26,0.13
2535,2013-11-27,0.13
2536,2013-11-29,0.13
2537,2013-12-02,0.13
2538,2013-12-03,0.13
2539,2013-12-04,0.14
2540,2013-12-05,0.13
2541,2013-12-06,0.13
2542,2013-12-09,0.13
2543,2013-12-10,0.14
2544,2013-12-11,0.13
2545,2013-12-12,0.14
2546,2013-12-13,0.14
2547,2013-12-16,0.13
2548,2013-12-17,0.14
2549,2013-12-18,0.13
2550,2013-12-19,0.13
2551,2013-12-20,0.13
2552,2013-12-23,0.14
2553,2013-12-24,0.14
2554,2013-12-26,0.13
2555,2013-12-27,0.12
2556,2013-12-30,0.13
2557,2013-12-31,0.13
2558,2014-01-02,0.13
2559,2014-01-03,0.13
2560,2014-01-06,0.12
2561,2014-01-07,0.13
2562,2014-01-08,0.13
2563,2014-01-09,0.13
2564,2014-01-10,0.12
2565,2014-01-13,0.11
2566,2014-01-14,0.11
2567,2014-01-15,0.13
2568,2014-01-16,0.11
2569,2014-01-17,0.11
2570,2014-01-21,0.12
2571,2014-01-22,0.11
2572,2014-01-23,0.11
2573,2014-01-24,0.11
2574,2014-01-27,0.11
2575,2014-01-28,0.11
2576,2014-01-29,0.11
2577,2014-01-30,0.1
2578,2014-01-31,0.1
2579,2014-02-03,0.11
2580,2014-02-04,0.12
2581,2014-02-05,0.12
2582,2014-02-06,0.13
2583,2014-02-07,0.12
2584,2014-02-10,0.12
2585,2014-02-11,0.12
2586,2014-02-12,0.12
2587,2014-02-13,0.12
2588,2014-02-14,0.11
2589,2014-02-18,0.12
2590,2014-02-19,0.11
2591,2014-02-20,0.12
2592,2014-02-21,0.12
2593,2014-02-24,0.11
2594,2014-02-25,0.11
2595,2014-02-26,0.11
2596,2014-02-27,0.11
2597,2014-02-28,0.12
2598,2014-03-03,0.12
2599,2014-03-04,0.12
2600,2014-03-05,0.13
2601,2014-03-06,0.12
2602,2014-03-07,0.13
2603,2014-03-10,0.12
2604,2014-03-11,0.13
2605,2014-03-12,0.12
2606,2014-03-13,0.12
2607,2014-03-14,0.12
2608,2014-03-17,0.13
2609,2014-03-18,0.13
2610,2014-03-19,0.15
2611,2014-03-20,0.14
2612,2014-03-21,0.14
2613,2014-03-24,0.14
2614,2014-03-25,0.13
2615,2014-03-26,0.12
2616,2014-03-27,0.12
2617,2014-03-28,0.13
2618,2014-03-31,0.13
2619,2014-04-01,0.13
2620,2014-04-02,0.12
2621,2014-04-03,0.11
2622,2014-04-04,0.11
2623,2014-04-07,0.11
2624,2014-04-08,0.11
2625,2014-04-09,0.1
2626,2014-04-10,0.09
2627,2014-04-11,0.09
2628,2014-04-14,0.1
2629,2014-04-15,0.11
2630,2014-04-16,0.11
2631,2014-04-17,0.11
2632,2014-04-21,0.11
2633,2014-04-22,0.11
2634,2014-04-23,0.11
2635,2014-04-24,0.1
2636,2014-04-25,0.11
2637,2014-04-28,0.1
2638,2014-04-29,0.11
2639,2014-04-30,0.11
2640,2014-05-01,0.1
2641,2014-05-02,0.1
2642,2014-05-05,0.11
2643,2014-05-06,0.1
2644,2014-05-07,0.1
2645,2014-05-08,0.1
2646,2014-05-09,0.1
2647,2014-05-12,0.09
2648,2014-05-13,0.1
2649,2014-05-14,0.1
2650,2014-05-15,0.09
2651,2014-05-16,0.09
2652,2014-05-19,0.09
2653,2014-05-20,0.09
2654,2014-05-21,0.09
2655,2014-05-22,0.09
2656,2014-05-23,0.1
2657,2014-05-27,0.09
2658,2014-05-28,0.1
2659,2014-05-29,0.1
2660,2014-05-30,0.1
2661,2014-06-02,0.1
2662,2014-06-03,0.1
2663,2014-06-04,0.1
2664,2014-06-05,0.1
2665,2014-06-06,0.11
2666,2014-06-09,0.11
2667,2014-06-10,0.11
2668,2014-06-11,0.11
2669,2014-06-12,0.1
2670,2014-06-13,0.11
2671,2014-06-16,0.11
2672,2014-06-17,0.11
2673,2014-06-18,0.1
2674,2014-06-19,0.09
2675,2014-06-20,0.09
2676,2014-06-23,0.1
2677,2014-06-24,0.12
2678,2014-06-25,0.11
2679,2014-06-26,0.11
2680,2014-06-27,0.1
2681,2014-06-30,0.11
2682,2014-07-01,0.11
2683,2014-07-02,0.12
2684,2014-07-03,0.11
2685,2014-07-07,0.12
2686,2014-07-08,0.11
2687,2014-07-09,0.11
2688,2014-07-10,0.1
2689,2014-07-11,0.11
2690,2014-07-14,0.11
2691,2014-07-15,0.11
2692,2014-07-16,0.11
2693,2014-07-17,0.1
2694,2014-07-18,0.1
2695,2014-07-21,0.11
2696,2014-07-22,0.11
2697,2014-07-23,0.11
2698,2014-07-24,0.11
2699,2014-07-25,0.11
2700,2014-07-28,0.11
2701,2014-07-29,0.12
2702,2014-07-30,0.13
2703,2014-07-31,0.12
2704,2014-08-01,0.13
2705,2014-08-04,0.12
2706,2014-08-05,0.12
2707,2014-08-06,0.11
2708,2014-08-07,0.11
2709,2014-08-08,0.1
2710,2014-08-11,0.1
2711,2014-08-12,0.1
2712,2014-08-13,0.1
2713,2014-08-14,0.1
2714,2014-08-15,0.09
2715,2014-08-18,0.1
2716,2014-08-19,0.11
2717,2014-08-20,0.12
2718,2014-08-21,0.1
2719,2014-08-22,0.1
2720,2014-08-25,0.11
2721,2014-08-26,0.12
2722,2014-08-27,0.11
2723,2014-08-28,0.11
2724,2014-08-29,0.09
2725,2014-09-02,0.1
2726,2014-09-03,0.11
2727,2014-09-04,0.1
2728,2014-09-05,0.1
2729,2014-09-08,0.1
2730,2014-09-09,0.11
2731,2014-09-10,0.11
2732,2014-09-11,0.11
2733,2014-09-12,0.11
2734,2014-09-15,0.11
2735,2014-09-16,0.13
2736,2014-09-17,0.12
2737,2014-09-18,0.12
2738,2014-09-19,0.11
2739,2014-09-22,0.1
2740,2014-09-23,0.1
2741,2014-09-24,0.11
2742,2014-09-25,0.1
2743,2014-09-26,0.11
2744,2014-09-29,0.11
2745,2014-09-30,0.13
2746,2014-10-01,0.1
2747,2014-10-02,0.1
2748,2014-10-03,0.11
2749,2014-10-06,0.11
2750,2014-10-07,0.1
2751,2014-10-08,0.1
2752,2014-10-09,0.1
2753,2014-10-10,0.1
2754,2014-10-14,0.09
2755,2014-10-15,0.1
2756,2014-10-16,0.1
2757,2014-10-17,0.11
2758,2014-10-20,0.1
2759,2014-10-21,0.1
2760,2014-10-22,0.11
2761,2014-10-23,0.11
2762,2014-10-24,0.11
2763,2014-10-27,0.11
2764,2014-10-28,0.11
2765,2014-10-29,0.11
2766,2014-10-30,0.11
2767,2014-10-31,0.11
2768,2014-11-03,0.12
2769,2014-11-04,0.11
2770,2014-11-05,0.11
2771,2014-11-06,0.12
2772,2014-11-07,0.12
2773,2014-11-10,0.13
2774,2014-11-12,0.14
2775,2014-11-13,0.15
2776,2014-11-14,0.15
2777,2014-11-17,0.15
2778,2014-11-18,0.14
2779,2014-11-19,0.15
2780,2014-11-20,0.14
2781,2014-11-21,0.14
2782,2014-11-24,0.14
2783,2014-11-25,0.14
2784,2014-11-26,0.14
2785,2014-11-28,0.13
2786,2014-12-01,0.13
2787,2014-12-02,0.14
2788,2014-12-03,0.15
2789,2014-12-04,0.14
2790,2014-12-05,0.18
2791,2014-12-08,0.18
2792,2014-12-09,0.23
2793,2014-12-10,0.21
2794,2014-12-11,0.21
2795,2014-12-12,0.19
2796,2014-12-15,0.22
2797,2014-12-16,0.21
2798,2014-12-17,0.23
2799,2014-12-18,0.25
2800,2014-12-19,0.26
2801,2014-12-22,0.28
2802,2014-12-23,0.26
2803,2014-12-24,0.26
2804,2014-12-26,0.26
2805,2014-12-29,0.25
2806,2014-12-30,0.23
2807,2014-12-31,0.25
2808,2015-01-02,0.25
2809,2015-01-05,0.26
2810,2015-01-06,0.25
2811,2015-01-07,0.25
2812,2015-01-08,0.23
2813,2015-01-09,0.22
2814,2015-01-12,0.19
2815,2015-01-13,0.2
2816,2015-01-14,0.18
2817,2015-01-15,0.16
2818,2015-01-16,0.17
2819,2015-01-20,0.17
2820,2015-01-21,0.17
2821,2015-01-22,0.17
2822,2015-01-23,0.17
2823,2015-01-26,0.18
2824,2015-01-27,0.17
2825,2015-01-28,0.17
2826,2015-01-29,0.17
2827,2015-01-30,0.18
2828,2015-02-02,0.17
2829,2015-02-03,0.21
2830,2015-02-04,0.2
2831,2015-02-05,0.2
2832,2015-02-06,0.26
2833,2015-02-09,0.24
2834,2015-02-10,0.25
2835,2015-02-11,0.24
2836,2015-02-12,0.23
2837,2015-02-13,0.23
2838,2015-02-17,0.25
2839,2015-02-18,0.23
2840,2015-02-19,0.23
2841,2015-02-20,0.23
2842,2015-02-23,0.22
2843,2015-02-24,0.22
2844,2015-02-25,0.21
2845,2015-02-26,0.22
2846,2015-02-27,0.22
2847,2015-03-02,0.22
2848,2015-03-03,0.26
2849,2015-03-04,0.26
2850,2015-03-05,0.25
2851,2015-03-06,0.27
2852,2015-03-09,0.27
2853,2015-03-10,0.25
2854,2015-03-11,0.25
2855,2015-03-12,0.24
2856,2015-03-13,0.24
2857,2015-03-16,0.26
2858,2015-03-17,0.27
2859,2015-03-18,0.23
2860,2015-03-19,0.26
2861,2015-03-20,0.24
2862,2015-03-23,0.24
2863,2015-03-24,0.24
2864,2015-03-25,0.25
2865,2015-03-26,0.28
2866,2015-03-27,0.27
2867,2015-03-30,0.27
2868,2015-03-31,0.26
2869,2015-04-01,0.27
2870,2015-04-02,0.25
2871,2015-04-03,0.21
2872,2015-04-06,0.21
2873,2015-04-07,0.22
2874,2015-04-08,0.22
2875,2015-04-09,0.22
2876,2015-04-10,0.24
2877,2015-04-13,0.23
2878,2015-04-14,0.23
2879,2015-04-15,0.23
2880,2015-04-16,0.22
2881,2015-04-17,0.23
2882,2015-04-20,0.24
2883,2015-04-21,0.23
2884,2015-04-22,0.23
2885,2015-04-23,0.24
2886,2015-04-24,0.24
2887,2015-04-27,0.25
2888,2015-04-28,0.24
2889,2015-04-29,0.25
2890,2015-04-30,0.24
2891,2015-05-01,0.25
2892,2015-05-04,0.25
2893,2015-05-05,0.24
2894,2015-05-06,0.25
2895,2015-05-07,0.24
2896,2015-05-08,0.23
2897,2015-05-11,0.25
2898,2015-05-12,0.25
2899,2015-05-13,0.24
2900,2015-05-14,0.23
2901,2015-05-15,0.23
2902,2015-05-18,0.22
2903,2015-05-19,0.23
2904,2015-05-20,0.23
2905,2015-05-21,0.22
2906,2015-05-22,0.23
2907,2015-05-26,0.24
2908,2015-05-27,0.27
2909,2015-05-28,0.26
2910,2015-05-29,0.26
2911,2015-06-01,0.26
2912,2015-06-02,0.26
2913,2015-06-03,0.26
2914,2015-06-04,0.27
2915,2015-06-05,0.29
2916,2015-06-08,0.27
2917,2015-06-09,0.27
2918,2015-06-10,0.28
2919,2015-06-11,0.28
2920,2015-06-12,0.28
2921,2015-06-15,0.28
2922,2015-06-16,0.28
2923,2015-06-17,0.27
2924,2015-06-18,0.26
2925,2015-06-19,0.25
2926,2015-06-22,0.27
2927,2015-06-23,0.3
2928,2015-06-24,0.3
2929,2015-06-25,0.29
2930,2015-06-26,0.29
2931,2015-06-29,0.27
2932,2015-06-30,0.28
2933,2015-07-01,0.28
2934,2015-07-02,0.26
2935,2015-07-06,0.26
2936,2015-07-07,0.25
2937,2015-07-08,0.24
2938,2015-07-09,0.25
2939,2015-07-10,0.28
2940,2015-07-13,0.28
2941,2015-07-14,0.27
2942,2015-07-15,0.28
2943,2015-07-16,0.29
2944,2015-07-17,0.29
2945,2015-07-20,0.31
2946,2015-07-21,0.34
2947,2015-07-22,0.34
2948,2015-07-23,0.33
2949,2015-07-24,0.32
2950,2015-07-27,0.32
2951,2015-07-28,0.32
2952,2015-07-29,0.33
2953,2015-07-30,0.36
2954,2015-07-31,0.33
2955,2015-08-03,0.33
2956,2015-08-04,0.37
2957,2015-08-05,0.38
2958,2015-08-06,0.35
2959,2015-08-07,0.38
2960,2015-08-10,0.4
2961,2015-08-11,0.37
2962,2015-08-12,0.37
2963,2015-08-13,0.4
2964,2015-08-14,0.41
2965,2015-08-17,0.4
2966,2015-08-18,0.42
2967,2015-08-19,0.39
2968,2015-08-20,0.39
2969,2015-08-21,0.36
2970,2015-08-24,0.33
2971,2015-08-25,0.36
2972,2015-08-26,0.35
2973,2015-08-27,0.36
2974,2015-08-28,0.38
2975,2015-08-31,0.39
2976,2015-09-01,0.39
2977,2015-09-02,0.37
2978,2015-09-03,0.36
2979,2015-09-04,0.36
2980,2015-09-08,0.39
2981,2015-09-09,0.39
2982,2015-09-10,0.39
2983,2015-09-11,0.4
2984,2015-09-14,0.4
2985,2015-09-15,0.47
2986,2015-09-16,0.46
2987,2015-09-17,0.39
2988,2015-09-18,0.35
2989,2015-09-21,0.36
2990,2015-09-22,0.35
2991,2015-09-23,0.34
2992,2015-09-24,0.32
2993,2015-09-25,0.35
2994,2015-09-28,0.34
2995,2015-09-29,0.33
2996,2015-09-30,0.33
2997,2015-10-01,0.31
2998,2015-10-02,0.25
2999,2015-10-05,0.26
3000,2015-10-06,0.26
3001,2015-10-07,0.27
3002,2015-10-08,0.27
3003,2015-10-09,0.28
3004,2015-10-13,0.27
3005,2015-10-14,0.21
3006,2015-10-15,0.22
3007,2015-10-16,0.23
3008,2015-10-19,0.23
3009,2015-10-20,0.23
3010,2015-10-21,0.23
3011,2015-10-22,0.23
3012,2015-10-23,0.24
3013,2015-10-26,0.25
3014,2015-10-27,0.29
3015,2015-10-28,0.33
3016,2015-10-29,0.33
3017,2015-10-30,0.34
3018,2015-11-02,0.37
3019,2015-11-03,0.39
3020,2015-11-04,0.4
3021,2015-11-05,0.42
3022,2015-11-06,0.47
3023,2015-11-09,0.47
3024,2015-11-10,0.51
3025,2015-11-12,0.51
3026,2015-11-13,0.5
3027,2015-11-16,0.5
3028,2015-11-17,0.5
3029,2015-11-18,0.49
3030,2015-11-19,0.49
3031,2015-11-20,0.49
3032,2015-11-23,0.5
3033,2015-11-24,0.52
3034,2015-11-25,0.52
3035,2015-11-27,0.5
3036,2015-11-30,0.51
3037,2015-12-01,0.51
3038,2015-12-02,0.52
3039,2015-12-03,0.57
3040,2015-12-04,0.6
3041,2015-12-07,0.67
3042,2015-12-08,0.76
3043,2015-12-09,0.72
3044,2015-12-10,0.71
3045,2015-12-11,0.68
3046,2015-12-14,0.68
3047,2015-12-15,0.69
3048,2015-12-16,0.7
3049,2015-12-17,0.69
3050,2015-12-18,0.67
3051,2015-12-21,0.64
3052,2015-12-22,0.66
3053,2015-12-23,0.65
3054,2015-12-24,0.64
3055,2015-12-28,0.66
3056,2015-12-29,0.67
3057,2015-12-30,0.64
3058,2015-12-31,0.65
3059,2016-01-04,0.61
3060,2016-01-05,0.68
3061,2016-01-06,0.67
3062,2016-01-07,0.66
3063,2016-01-08,0.64
3064,2016-01-11,0.63
3065,2016-01-12,0.62
3066,2016-01-13,0.6
3067,2016-01-14,0.55
3068,2016-01-15,0.49
3069,2016-01-19,0.48
3070,2016-01-20,0.43
3071,2016-01-21,0.44
3072,2016-01-22,0.47
3073,2016-01-25,0.47
3074,2016-01-26,0.47
3075,2016-01-27,0.47
3076,2016-01-28,0.47
3077,2016-01-29,0.47
3078,2016-02-01,0.47
3079,2016-02-02,0.54
3080,2016-02-03,0.54
3081,2016-02-04,0.52
3082,2016-02-05,0.55
3083,2016-02-08,0.51
3084,2016-02-09,0.52
3085,2016-02-10,0.52
3086,2016-02-11,0.47
3087,2016-02-12,0.51
3088,2016-02-16,0.51
3089,2016-02-17,0.53
3090,2016-02-18,0.53
3091,2016-02-19,0.53
3092,2016-02-22,0.55
3093,2016-02-23,0.55
3094,2016-02-24,0.55
3095,2016-02-25,0.56
3096,2016-02-26,0.6
3097,2016-02-29,0.62
3098,2016-03-01,0.68
3099,2016-03-02,0.67
3100,2016-03-03,0.65
3101,2016-03-04,0.67
3102,2016-03-07,0.67
3103,2016-03-08,0.68
3104,2016-03-09,0.68
3105,2016-03-10,0.69
3106,2016-03-11,0.7
3107,2016-03-14,0.7
3108,2016-03-15,0.71
3109,2016-03-16,0.66
3110,2016-03-17,0.64
3111,2016-03-18,0.62
3112,2016-03-21,0.63
3113,2016-03-22,0.64
3114,2016-03-23,0.64
3115,2016-03-24,0.63
3116,2016-03-28,0.65
3117,2016-03-29,0.63
3118,2016-03-30,0.61
3119,2016-03-31,0.59
3120,2016-04-01,0.62
3121,2016-04-04,0.59
3122,2016-04-05,0.56
3123,2016-04-06,0.55
3124,2016-04-07,0.52
3125,2016-04-08,0.54
3126,2016-04-11,0.53
3127,2016-04-12,0.54
3128,2016-04-13,0.55
3129,2016-04-14,0.55
3130,2016-04-15,0.53
3131,2016-04-18,0.52
3132,2016-04-19,0.53
3133,2016-04-20,0.54
3134,2016-04-21,0.56
3135,2016-04-22,0.56
3136,2016-04-25,0.57
3137,2016-04-26,0.61
3138,2016-04-27,0.58
3139,2016-04-28,0.56
3140,2016-04-29,0.56
3141,2016-05-02,0.55
3142,2016-05-03,0.53
3143,2016-05-04,0.52
3144,2016-05-05,0.51
3145,2016-05-06,0.51
3146,2016-05-09,0.51
3147,2016-05-10,0.52
3148,2016-05-11,0.53
3149,2016-05-12,0.54
3150,2016-05-13,0.55
3151,2016-05-16,0.57
3152,2016-05-17,0.58
3153,2016-05-18,0.63
3154,2016-05-19,0.64
3155,2016-05-20,0.67
3156,2016-05-23,0.69
3157,2016-05-24,0.69
3158,2016-05-25,0.67
3159,2016-05-26,0.65
3160,2016-05-27,0.68
3161,2016-05-31,0.68
3162,2016-06-01,0.7
3163,2016-06-02,0.68
3164,2016-06-03,0.6
3165,2016-06-06,0.6
3166,2016-06-07,0.59
3167,2016-06-08,0.6
3168,2016-06-09,0.59
3169,2016-06-10,0.57
3170,2016-06-13,0.55
3171,2016-06-14,0.55
3172,2016-06-15,0.52
3173,2016-06-16,0.53
3174,2016-06-17,0.51
3175,2016-06-20,0.56
3176,2016-06-21,0.57
3177,2016-06-22,0.56
3178,2016-06-23,0.58
3179,2016-06-24,0.48
3180,2016-06-27,0.45
3181,2016-06-28,0.45
3182,2016-06-29,0.46
3183,2016-06-30,0.45
3184,2016-07-01,0.45
3185,2016-07-05,0.44
3186,2016-07-06,0.46
3187,2016-07-07,0.47
3188,2016-07-08,0.48
3189,2016-07-11,0.5
3190,2016-07-12,0.52
3191,2016-07-13,0.51
3192,2016-07-14,0.53
3193,2016-07-15,0.52
3194,2016-07-18,0.52
3195,2016-07-19,0.56
3196,2016-07-20,0.56
3197,2016-07-21,0.54
3198,2016-07-22,0.55
3199,2016-07-25,0.55
3200,2016-07-26,0.55
3201,2016-07-27,0.53
3202,2016-07-28,0.53
3203,2016-07-29,0.5
3204,2016-08-01,0.5
3205,2016-08-02,0.5
3206,2016-08-03,0.53
3207,2016-08-04,0.51
3208,2016-08-05,0.56
3209,2016-08-08,0.57
3210,2016-08-09,0.55
3211,2016-08-10,0.55
3212,2016-08-11,0.55
3213,2016-08-12,0.56
3214,2016-08-15,0.56
3215,2016-08-16,0.5394
3216,2016-08-17,0.5753
3217,2016-08-18,0.5651
3218,2016-08-19,0.5804
3219,2016-08-22,0.5804
3220,2016-08-23,0.5804
3221,2016-08-24,0.5753
3222,2016-08-25,0.5753
3223,2016-08-26,0.6008
3224,2016-08-29,0.5957
3225,2016-08-30,0.5906
3226,2016-08-31,0.5906
3227,2016-09-01,0.5854
3228,2016-09-02,0.5803
3229,2016-09-05,0.5803
3230,2016-09-06,0.5496
3231,2016-09-07,0.5496
3232,2016-09-08,0.5649
3233,2016-09-09,0.5598
3234,2016-09-12,0.5547
3235,2016-09-13,0.57
3236,2016-09-14,0.6111
3237,2016-09-15,0.5958
3238,2016-09-16,0.6009
3239,2016-09-19,0.606
3240,2016-09-20,0.606
3241,2016-09-21,0.6008
3242,2016-09-22,0.5804
3243,2016-09-23,0.5752
3244,2016-09-26,0.5701
3245,2016-09-27,0.5701
3246,2016-09-28,0.5803
3247,2016-09-29,0.5701
3248,2016-09-30,0.5854
3249,2016-10-03,0.6059
3250,2016-10-04,0.6263
3251,2016-10-05,0.6263
3252,2016-10-06,0.6314
3253,2016-10-07,0.6314
3254,2016-10-10,0.6314
3255,2016-10-11,0.6416
3256,2016-10-12,0.6777
3257,2016-10-13,0.652
3258,2016-10-14,0.6571
3259,2016-10-17,0.6418
3260,2016-10-18,0.6418
3261,2016-10-19,0.6315
3262,2016-10-20,0.6469
3263,2016-10-21,0.6417
3264,2016-10-24,0.6468
3265,2016-10-25,0.6519
3266,2016-10-26,0.6468
3267,2016-10-27,0.6519
3268,2016-10-28,0.6417
3269,2016-10-31,0.6417
3270,2016-11-01,0.6365
3271,2016-11-02,0.6263
3272,2016-11-03,0.6212
3273,2016-11-04,0.6007
3274,2016-11-07,0.6109
3275,2016-11-08,0.6416
3276,2016-11-09,0.7084
3277,2016-11-10,0.7186
3278,2016-11-11,0.7186
3279,2016-11-14,0.7647
3280,2016-11-15,0.7544
3281,2016-11-16,0.7391
3282,2016-11-17,0.7595
3283,2016-11-18,0.7544
3284,2016-11-21,0.7595
3285,2016-11-22,0.7595
3286,2016-11-23,0.7697
3287,2016-11-24,0.7697
3288,2016-11-25,0.7799
3289,2016-11-28,0.7697
3290,2016-11-29,0.7645
3291,2016-11-30,0.7748
3292,2016-12-01,0.7799
3293,2016-12-02,0.7696
3294,2016-12-05,0.7901
3295,2016-12-06,0.785
3296,2016-12-07,0.8315
3297,2016-12-08,0.8366
3298,2016-12-09,0.8468
3299,2016-12-12,0.8468
3300,2016-12-13,0.8673
3301,2016-12-14,0.9084
3302,2016-12-15,0.8878
3303,2016-12-16,0.8826
3304,2016-12-19,0.8775
3305,2016-12-20,0.8775
3306,2016-12-21,0.8569
3307,2016-12-22,0.8518
3308,2016-12-23,0.8517
3309,2016-12-26,0.8517
3310,2016-12-27,0.8568
3311,2016-12-28,0.8517
3312,2016-12-29,0.8158
3313,2016-12-30,0.8106
3314,2017-01-02,0.8106
3315,2017-01-03,0.826
3316,2017-01-04,0.8623
3317,2017-01-05,0.8212
3318,2017-01-06,0.8314
3319,2017-01-09,0.8057
3320,2017-01-10,0.8006
3321,2017-01-11,0.8057
3322,2017-01-12,0.7954
3323,2017-01-13,0.7954
3324,2017-01-16,0.7954
3325,2017-01-17,0.78
3326,2017-01-18,0.8056
3327,2017-01-19,0.8005
3328,2017-01-20,0.7902
3329,2017-01-23,0.7645
3330,2017-01-24,0.7799
3331,2017-01-25,0.785
3332,2017-01-26,0.785
3333,2017-01-27,0.785
3334,2017-01-30,0.7747
3335,2017-01-31,0.7593
3336,2017-02-01,0.8212
3337,2017-02-02,0.8109
3338,2017-02-03,0.8006
3339,2017-02-06,0.7801
3340,2017-02-07,0.7801
3341,2017-02-08,0.7749
3342,2017-02-09,0.7852
3343,2017-02-10,0.7903
3344,2017-02-13,0.8005
3345,2017-02-14,0.821
3346,2017-02-15,0.8261
3347,2017-02-16,0.7953
3348,2017-02-17,0.7953
3349,2017-02-20,0.7953
3350,2017-02-21,0.7953
3351,2017-02-22,0.7953
3352,2017-02-23,0.7799
3353,2017-02-24,0.7747
3354,2017-02-27,0.7747
3355,2017-02-28,0.8208
3356,2017-03-01,0.9136
3357,2017-03-02,0.9599
3358,2017-03-03,0.9598
3359,2017-03-06,0.965
3360,2017-03-07,0.9958
3361,2017-03-08,1.0163
3362,2017-03-09,1.0318
3363,2017-03-10,1.0266
3364,2017-03-13,1.0471
3365,2017-03-14,1.0368
3366,2017-03-15,1.0008
3367,2017-03-16,0.9853
3368,2017-03-17,0.9801
3369,2017-03-20,0.9801
3370,2017-03-21,0.9698
3371,2017-03-22,0.9647
3372,2017-03-23,0.9595
3373,2017-03-24,0.9646
3374,2017-03-27,0.9748
3375,2017-03-28,1.0108
3376,2017-03-29,1.0319
3377,2017-03-30,1.0216
3378,2017-03-31,1.0164
3379,2017-04-03,1.0061
3380,2017-04-04,1.0215
3381,2017-04-05,1.0163
3382,2017-04-06,1.0266
3383,2017-04-07,1.0574
3384,2017-04-10,1.0523
3385,2017-04-11,1.0368
3386,2017-04-12,1.0162
3387,2017-04-13,1.011
3388,2017-04-14,1.011
3389,2017-04-17,1.0161
3390,2017-04-18,1.0007
3391,2017-04-19,1.0006
3392,2017-04-20,0.9903
3393,2017-04-21,0.9749
3394,2017-04-24,1.0057
3395,2017-04-25,1.0262
3396,2017-04-26,1.0628
3397,2017-04-27,1.0525
3398,2017-04-28,1.0576
3399,2017-05-01,1.073
3400,2017-05-02,1.0678
3401,2017-05-03,1.0833
3402,2017-05-04,1.0935
3403,2017-05-05,1.0935
3404,2017-05-08,1.1089
3405,2017-05-09,1.1192
3406,2017-05-10,1.1192
3407,2017-05-11,1.1191
3408,2017-05-12,1.1036
3409,2017-05-15,1.1036
3410,2017-05-16,1.0984
3411,2017-05-17,1.0726
3412,2017-05-18,1.0726
3413,2017-05-19,1.088
3414,2017-05-22,1.0983
3415,2017-05-23,1.124
3416,2017-05-24,1.1504
3417,2017-05-25,1.1504
3418,2017-05-26,1.1452
3419,2017-05-29,1.1452
3420,2017-05-30,1.1451
3421,2017-05-31,1.1503
3422,2017-06-01,1.1451
3423,2017-06-02,1.1502
3424,2017-06-05,1.1553
3425,2017-06-06,1.1449
3426,2017-06-07,1.1655
3427,2017-06-08,1.1707
3428,2017-06-09,1.186
3429,2017-06-12,1.1963
3430,2017-06-13,1.2015
3431,2017-06-14,1.186
3432,2017-06-15,1.1962
3433,2017-06-16,1.1859
3434,2017-06-19,1.2013
3435,2017-06-20,1.2064
3436,2017-06-21,1.2124
3437,2017-06-22,1.2072
3438,2017-06-23,1.2019
3439,2017-06-26,1.1967
3440,2017-06-27,1.207
3441,2017-06-28,1.2018
3442,2017-06-29,1.2173
3443,2017-06-30,1.2275
3444,2017-07-03,1.2429
3445,2017-07-04,1.2429
3446,2017-07-05,1.2274
3447,2017-07-06,1.2171
3448,2017-07-07,1.2067
3449,2017-07-10,1.2066
3450,2017-07-11,1.1963
3451,2017-07-12,1.1911
3452,2017-07-13,1.2014
3453,2017-07-14,1.1962
3454,2017-07-17,1.1961
3455,2017-07-18,1.191
3456,2017-07-19,1.2175
3457,2017-07-20,1.2072
3458,2017-07-21,1.2071
3459,2017-07-24,1.2174
3460,2017-07-25,1.2277
3461,2017-07-26,1.2173
3462,2017-07-27,1.2173
3463,2017-07-28,1.2069
3464,2017-07-31,1.212
3465,2017-08-01,1.2068
3466,2017-08-02,1.2119
3467,2017-08-03,1.2106
3468,2017-08-04,1.2183
3469,2017-08-07,1.2208
3470,2017-08-08,1.2221
3471,2017-08-09,1.2027
3472,2017-08-10,1.2014
3473,2017-08-11,1.1949
3474,2017-08-14,1.2052
3475,2017-08-15,1.227
3476,2017-08-16,1.2382
3477,2017-08-17,1.2227
3478,2017-08-18,1.2226
3479,2017-08-21,1.2148
3480,2017-08-22,1.2277
3481,2017-08-23,1.2173
3482,2017-08-24,1.2289
3483,2017-08-25,1.2249
3484,2017-08-28,1.2288
3485,2017-08-29,1.2158
3486,2017-08-30,1.2184
3487,2017-08-31,1.2171
3488,2017-09-01,1.2221
3489,2017-09-04,1.2221
3490,2017-09-05,1.2092
3491,2017-09-06,1.2272
3492,2017-09-07,1.2001
3493,2017-09-08,1.1975
3494,2017-09-11,1.2245
3495,2017-09-12,1.2206
3496,2017-09-13,1.264
3497,2017-09-14,1.2769
3498,2017-09-15,1.2897
3499,2017-09-18,1.2948
3500,2017-09-19,1.2922
3501,2017-09-20,1.2948
3502,2017-09-21,1.2999
3503,2017-09-22,1.2946
3504,2017-09-25,1.2843
3505,2017-09-26,1.292
3506,2017-09-27,1.3023
3507,2017-09-28,1.2868
3508,2017-09-29,1.2892
3509,2017-10-02,1.2866
3510,2017-10-03,1.2866
3511,2017-10-04,1.3098
3512,2017-10-05,1.333
3513,2017-10-06,1.3329
3514,2017-10-09,1.3329
3515,2017-10-10,1.3586
3516,2017-10-11,1.3985
3517,2017-10-12,1.3958
3518,2017-10-13,1.3879
3519,2017-10-16,1.4034
3520,2017-10-17,1.3982
3521,2017-10-18,1.4059
3522,2017-10-19,1.3955
3523,2017-10-20,1.4135
3524,2017-10-23,1.4031
3525,2017-10-24,1.4135
3526,2017-10-25,1.4134
3527,2017-10-26,1.4185
3528,2017-10-27,1.4055
3529,2017-10-30,1.408
3530,2017-10-31,1.4209
3531,2017-11-01,1.4312
3532,2017-11-02,1.4338
3533,2017-11-03,1.4569
3534,2017-11-06,1.4776
3535,2017-11-07,1.4879
3536,2017-11-08,1.5202
3537,2017-11-09,1.515
3538,2017-11-10,1.5278
3539,2017-11-13,1.5381
3540,2017-11-14,1.5458
3541,2017-11-15,1.538
3542,2017-11-16,1.59
3543,2017-11-17,1.6
3544,2017-11-20,1.62
3545,2017-11-21,1.62
3546,2017-11-22,1.61
3547,2017-11-24,1.61
3548,2017-11-27,1.62
3549,2017-11-28,1.61
3550,2017-11-29,1.61
3551,2017-11-30,1.62
3552,2017-12-01,1.62
3553,2017-12-04,1.66
3554,2017-12-05,1.64
3555,2017-12-06,1.68
3556,2017-12-07,1.67
3557,2017-12-08,1.65
3558,2017-12-11,1.69
3559,2017-12-12,1.7
3560,2017-12-13,1.68
3561,2017-12-14,1.7
3562,2017-12-15,1.71
3563,2017-12-18,1.7
3564,2017-12-19,1.71
3565,2017-12-20,1.72
3566,2017-12-21,1.73
3567,2017-12-22,1.73
3568,2017-12-26,1.75
3569,2017-12-27,1.75
3570,2017-12-28,1.76
3571,2017-12-29,1.76
3572,2018-01-02,1.83
3573,2018-01-03,1.81
3574,2018-01-04,1.82
3575,2018-01-05,1.8
3576,2018-01-08,1.79
3577,2018-01-09,1.78
3578,2018-01-10,1.78
3579,2018-01-11,1.77
3580,2018-01-12,1.78
3581,2018-01-16,1.79
3582,2018-01-17,1.79
3583,2018-01-18,1.79
3584,2018-01-19,1.79
3585,2018-01-22,1.79
3586,2018-01-23,1.78
3587,2018-01-24,1.79
3588,2018-01-25,1.8
3589,2018-01-26,1.8
3590,2018-01-29,1.8
3591,2018-01-30,1.88
3592,2018-01-31,1.9
3593,2018-02-01,1.89
3594,2018-02-02,1.88
3595,2018-02-05,1.85
3596,2018-02-06,1.87
3597,2018-02-07,1.91
3598,2018-02-08,1.91
3599,2018-02-09,1.89
3600,2018-02-12,1.93
3601,2018-02-13,1.95
3602,2018-02-14,1.98
3603,2018-02-15,1.99
3604,2018-02-16,2.0
3605,2018-02-20,2.01
3606,2018-02-21,2.03
3607,2018-02-22,2.02
3608,2018-02-23,2.02
3609,2018-02-26,2.03
3610,2018-02-27,2.08
3611,2018-02-28,2.07
3612,2018-03-01,2.05
3613,2018-03-02,2.06
3614,2018-03-05,2.06
3615,2018-03-06,2.06
3616,2018-03-07,2.05
3617,2018-03-08,2.05
3618,2018-03-09,2.03
3619,2018-03-12,2.05
3620,2018-03-13,2.03
3621,2018-03-14,2.05
3622,2018-03-15,2.07
3623,2018-03-16,2.08
3624,2018-03-19,2.08
3625,2018-03-20,2.08
3626,2018-03-21,2.06
3627,2018-03-22,2.05
3628,2018-03-23,2.04
3629,2018-03-26,2.06
3630,2018-03-27,2.1
3631,2018-03-28,2.12
3632,2018-03-29,2.09
3633,2018-04-02,2.08
3634,2018-04-03,2.09
3635,2018-04-04,2.07
3636,2018-04-05,2.07
3637,2018-04-06,2.06
3638,2018-04-09,2.08
3639,2018-04-10,2.09
3640,2018-04-11,2.09
3641,2018-04-12,2.11
3642,2018-04-13,2.12
3643,2018-04-16,2.12
3644,2018-04-17,2.16
3645,2018-04-18,2.17
3646,2018-04-19,2.21
3647,2018-04-20,2.22
3648,2018-04-23,2.25
3649,2018-04-24,2.25
3650,2018-04-25,2.26
3651,2018-04-26,2.25
3652,2018-04-27,2.24
3653,2018-04-30,2.24
3654,2018-05-01,2.26
3655,2018-05-02,2.24
3656,2018-05-03,2.24
3657,2018-05-04,2.24
3658,2018-05-07,2.25
3659,2018-05-08,2.26
3660,2018-05-09,2.27
3661,2018-05-10,2.27
3662,2018-05-11,2.28
3663,2018-05-14,2.28
3664,2018-05-15,2.31
3665,2018-05-16,2.32
3666,2018-05-17,2.32
3667,2018-05-18,2.32
3668,2018-05-21,2.35
3669,2018-05-22,2.34
3670,2018-05-23,2.29
3671,2018-05-24,2.28
3672,2018-05-25,2.27
3673,2018-05-29,2.17
3674,2018-05-30,2.23
3675,2018-05-31,2.23
3676,2018-06-01,2.28
3677,2018-06-04,2.3
3678,2018-06-05,2.32
3679,2018-06-06,2.32
3680,2018-06-07,2.31
3681,2018-06-08,2.3
3682,2018-06-11,2.32
3683,2018-06-12,2.31
3684,2018-06-13,2.35
3685,2018-06-14,2.35
3686,2018-06-15,2.35
3687,2018-06-18,2.35
3688,2018-06-19,2.34
3689,2018-06-20,2.36
3690,2018-06-21,2.34
3691,2018-06-22,2.33
3692,2018-06-25,2.34
3693,2018-06-26,2.33
3694,2018-06-27,2.33
3695,2018-06-28,2.33
3696,2018-06-29,2.33
3697,2018-07-02,2.34
3698,2018-07-03,2.33
3699,2018-07-05,2.32
3700,2018-07-06,2.34
3701,2018-07-09,2.34
3702,2018-07-10,2.36
3703,2018-07-11,2.36
3704,2018-07-12,2.39
3705,2018-07-13,2.37
3706,2018-07-16,2.39
3707,2018-07-17,2.39
3708,2018-07-18,2.43
3709,2018-07-19,2.4
3710,2018-07-20,2.41
3711,2018-07-23,2.42
3712,2018-07-24,2.42
3713,2018-07-25,2.42
3714,2018-07-26,2.41
3715,2018-07-27,2.43
3716,2018-07-30,2.43
3717,2018-07-31,2.44
3718,2018-08-01,2.45
3719,2018-08-02,2.45
3720,2018-08-03,2.43
3721,2018-08-06,2.44
3722,2018-08-07,2.45
3723,2018-08-08,2.44
3724,2018-08-09,2.44
3725,2018-08-10,2.42
3726,2018-08-13,2.42
3727,2018-08-14,2.44
3728,2018-08-15,2.45
3729,2018-08-16,2.45
3730,2018-08-17,2.44
3731,2018-08-20,2.43
3732,2018-08-21,2.45
3733,2018-08-22,2.43
3734,2018-08-23,2.43
3735,2018-08-24,2.44
3736,2018-08-27,2.47
3737,2018-08-28,2.47
3738,2018-08-29,2.48
3739,2018-08-30,2.47
3740,2018-08-31,2.46
3741,2018-09-04,2.49
3742,2018-09-05,2.49
3743,2018-09-06,2.5
3744,2018-09-07,2.53
3745,2018-09-10,2.54
3746,2018-09-11,2.55
3747,2018-09-12,2.56
3748,2018-09-13,2.55
3749,2018-09-14,2.56
3750,2018-09-17,2.57
3751,2018-09-18,2.58
3752,2018-09-19,2.58
3753,2018-09-20,2.58
3754,2018-09-21,2.58
3755,2018-09-24,2.6
3756,2018-09-25,2.59
3757,2018-09-26,2.58
3758,2018-09-27,2.58
3759,2018-09-28,2.59
3760,2018-10-01,2.6
3761,2018-10-02,2.61
3762,2018-10-03,2.62
3763,2018-10-04,2.63
3764,2018-10-05,2.64
3765,2018-10-09,2.65
3766,2018-10-10,2.67
3767,2018-10-11,2.66
3768,2018-10-12,2.66
3769,2018-10-15,2.67
3770,2018-10-16,2.66
3771,2018-10-17,2.66
3772,2018-10-18,2.67
3773,2018-10-19,2.67
3774,2018-10-22,2.68
3775,2018-10-23,2.67
3776,2018-10-24,2.64
3777,2018-10-25,2.66
3778,2018-10-26,2.63
3779,2018-10-29,2.64
3780,2018-10-30,2.66
3781,2018-10-31,2.69
3782,2018-11-01,2.67
3783,2018-11-02,2.7
3784,2018-11-05,2.71
3785,2018-11-06,2.72
3786,2018-11-07,2.74
3787,2018-11-08,2.74
3788,2018-11-09,2.73
3789,2018-11-13,2.72
3790,2018-11-14,2.71
3791,2018-11-15,2.7
3792,2018-11-16,2.68
3793,2018-11-19,2.66
3794,2018-11-20,2.67
3795,2018-11-21,2.67
3796,2018-11-23,2.67
3797,2018-11-26,2.7
3798,2018-11-27,2.7
3799,2018-11-28,2.69
3800,2018-11-29,2.69
3801,2018-11-30,2.7
3802,2018-12-03,2.72
3803,2018-12-04,2.71
3804,2018-12-06,2.7
3805,2018-12-07,2.68
3806,2018-12-10,2.69
3807,2018-12-11,2.7
3808,2018-12-12,2.7
3809,2018-12-13,2.69
3810,2018-12-14,2.68
3811,2018-12-17,2.66
3812,2018-12-18,2.64
3813,2018-12-19,2.62
3814,2018-12-20,2.64
3815,2018-12-21,2.62
3816,2018-12-24,2.61
3817,2018-12-26,2.61
3818,2018-12-27,2.58
3819,2018-12-28,2.57
3820,2018-12-31,2.63
3821,2019-01-02,2.6
3822,2019-01-03,2.5
3823,2019-01-04,2.57
3824,2019-01-07,2.58
3825,2019-01-08,2.6
3826,2019-01-09,2.59
3827,2019-01-10,2.59
3828,2019-01-11,2.58
3829,2019-01-14,2.57
3830,2019-01-15,2.57
3831,2019-01-16,2.57
3832,2019-01-17,2.57
3833,2019-01-18,2.6
3834,2019-01-22,2.59
3835,2019-01-23,2.59
3836,2019-01-24,2.58
3837,2019-01-25,2.6
3838,2019-01-28,2.6
3839,2019-01-29,2.6
3840,2019-01-30,2.57
3841,2019-01-31,2.55
3842,2019-02-01,2.56
3843,2019-02-04,2.57
3844,2019-02-05,2.56
3845,2019-02-06,2.56
3846,2019-02-07,2.55
3847,2019-02-08,2.54
3848,2019-02-11,2.55
3849,2019-02-12,2.55
3850,2019-02-13,2.55
3851,2019-02-14,2.53
3852,2019-02-15,2.55
3853,2019-02-19,2.54
3854,2019-02-20,2.54
3855,2019-02-21,2.55
3856,2019-02-22,2.55
3857,2019-02-25,2.56
3858,2019-02-26,2.56
3859,2019-02-27,2.55
3860,2019-02-28,2.54
3861,2019-03-01,2.55
3862,2019-03-04,2.54
3863,2019-03-05,2.54
3864,2019-03-06,2.54
3865,2019-03-07,2.52
3866,2019-03-08,2.53
3867,2019-03-11,2.53
3868,2019-03-12,2.52
3869,2019-03-13,2.53
3870,2019-03-14,2.52
3871,2019-03-15,2.52
3872,2019-03-18,2.52
3873,2019-03-19,2.5
3874,2019-03-20,2.47
3875,2019-03-21,2.48
3876,2019-03-22,2.45
3877,2019-03-25,2.41
3878,2019-03-26,2.44
3879,2019-03-27,2.4
3880,2019-03-28,2.4
3881,2019-03-29,2.4
3882,2019-04-01,2.41
3883,2019-04-02,2.41
3884,2019-04-03,2.41
3885,2019-04-04,2.41
3886,2019-04-05,2.43
3887,2019-04-08,2.43
3888,2019-04-09,2.42
3889,2019-04-10,2.41
3890,2019-04-11,2.44
3891,2019-04-12,2.44
3892,2019-04-15,2.43
3893,2019-04-16,2.45
3894,2019-04-17,2.44
3895,2019-04-18,2.44
3896,2019-04-22,2.46
3897,2019-04-23,2.43
3898,2019-04-24,2.42
3899,2019-04-25,2.42
3900,2019-04-26,2.41
3901,2019-04-29,2.42
3902,2019-04-30,2.39
3903,2019-05-01,2.39
3904,2019-05-02,2.41
3905,2019-05-03,2.41
3906,2019-05-06,2.39
3907,2019-05-07,2.37
3908,2019-05-08,2.37
3909,2019-05-09,2.36
3910,2019-05-10,2.36
3911,2019-05-13,2.32
3912,2019-05-14,2.32
3913,2019-05-15,2.3
3914,2019-05-16,2.33
3915,2019-05-17,2.33
3916,2019-05-20,2.34
3917,2019-05-21,2.36
3918,2019-05-22,2.37
3919,2019-05-23,2.32
3920,2019-05-24,2.33
3921,2019-05-28,2.31
3922,2019-05-29,2.3
3923,2019-05-30,2.29
3924,2019-05-31,2.21
3925,2019-06-03,2.11
3926,2019-06-04,2.11
3927,2019-06-05,2.04
3928,2019-06-06,2.02
3929,2019-06-07,1.97
3930,2019-06-10,2.03
3931,2019-06-11,2.05
3932,2019-06-12,2.02
3933,2019-06-13,2.0
3934,2019-06-14,2.0
3935,2019-06-17,2.03
3936,2019-06-18,2.04
3937,2019-06-19,1.96
3938,2019-06-20,1.91
3939,2019-06-21,1.95
3940,2019-06-24,1.92
3941,2019-06-25,1.93
3942,2019-06-26,1.96
3943,2019-06-27,1.93
3944,2019-06-28,1.92
3945,2019-07-01,1.94
3946,2019-07-02,1.91
3947,2019-07-03,1.91
3948,2019-07-05,1.98
3949,2019-07-08,1.99
3950,2019-07-09,2.0
3951,2019-07-10,1.93
3952,2019-07-11,1.97
3953,2019-07-12,1.96
3954,2019-07-15,1.95
3955,2019-07-16,2.0
3956,2019-07-17,1.95
3957,2019-07-18,1.9
3958,2019-07-19,1.94
3959,2019-07-22,1.95
3960,2019-07-23,1.97
3961,2019-07-24,1.98
3962,2019-07-25,1.99
3963,2019-07-26,2.0
3964,2019-07-29,1.98
3965,2019-07-30,1.97
3966,2019-07-31,2.0
3967,2019-08-01,1.88
3968,2019-08-02,1.85
3969,2019-08-05,1.78
3970,2019-08-06,1.8
3971,2019-08-07,1.75
3972,2019-08-08,1.79
3973,2019-08-09,1.78
3974,2019-08-12,1.75
3975,2019-08-13,1.86
3976,2019-08-14,1.79
3977,2019-08-15,1.72
3978,2019-08-16,1.71
3979,2019-08-19,1.75
3980,2019-08-20,1.72
3981,2019-08-21,1.77
3982,2019-08-22,1.79
3983,2019-08-23,1.73
3984,2019-08-26,1.75
3985,2019-08-27,1.77
3986,2019-08-28,1.74
3987,2019-08-29,1.75
3988,2019-08-30,1.76
3989,2019-09-03,1.72
3990,2019-09-04,1.69
3991,2019-09-05,1.73
3992,2019-09-06,1.73
3993,2019-09-09,1.74
3994,2019-09-10,1.81
3995,2019-09-11,1.79
3996,2019-09-12,1.82
3997,2019-09-13,1.88
3998,2019-09-16,1.86
3999,2019-09-17,1.87
4000,2019-09-18,1.87
4001,2019-09-19,1.88
4002,2019-09-20,1.84
4003,2019-09-23,1.81
4004,2019-09-24,1.78
4005,2019-09-25,1.82
4006,2019-09-26,1.79
4007,2019-09-27,1.74
4008,2019-09-30,1.75
4009,2019-10-01,1.73
4010,2019-10-02,1.67
4011,2019-10-03,1.58
4012,2019-10-04,1.58
4013,2019-10-07,1.64
4014,2019-10-08,1.62
4015,2019-10-09,1.59
4016,2019-10-10,1.63
4017,2019-10-11,1.67
4018,2019-10-15,1.65
4019,2019-10-16,1.59
4020,2019-10-17,1.59
4021,2019-10-18,1.58
4022,2019-10-21,1.59
4023,2019-10-22,1.59
4024,2019-10-23,1.58
4025,2019-10-24,1.59
4026,2019-10-25,1.6
4027,2019-10-28,1.6
4028,2019-10-29,1.59
4029,2019-10-30,1.59
4030,2019-10-31,1.53
4031,2019-11-01,1.53
4032,2019-11-04,1.56
4033,2019-11-05,1.62
4034,2019-11-06,1.58
4035,2019-11-07,1.58
4036,2019-11-08,1.58
4037,2019-11-12,1.58
4038,2019-11-13,1.57
4039,2019-11-14,1.55
4040,2019-11-15,1.54
4041,2019-11-18,1.54
4042,2019-11-19,1.54
4043,2019-11-20,1.54
4044,2019-11-21,1.55
4045,2019-11-22,1.56
4046,2019-11-25,1.58
4047,2019-11-26,1.59
4048,2019-11-27,1.6
4049,2019-11-29,1.6
4050,2019-12-02,1.6
4051,2019-12-03,1.57
4052,2019-12-04,1.56
4053,2019-12-05,1.56
4054,2019-12-06,1.57
4055,2019-12-09,1.56
4056,2019-12-10,1.56
4057,2019-12-11,1.55
4058,2019-12-12,1.55
4059,2019-12-13,1.54
4060,2019-12-16,1.54
4061,2019-12-17,1.53
4062,2019-12-18,1.54
4063,2019-12-19,1.52
4064,2019-12-20,1.52
4065,2019-12-23,1.53
4066,2019-12-24,1.53
4067,2019-12-26,1.53
4068,2019-12-27,1.51
4069,2019-12-30,1.57
4070,2019-12-31,1.59
4071,2020-01-02,1.56
4072,2020-01-03,1.55
4073,2020-01-06,1.54
4074,2020-01-07,1.53
4075,2020-01-08,1.55
4076,2020-01-09,1.54
4077,2020-01-10,1.53
4078,2020-01-13,1.53
4079,2020-01-14,1.53
4080,2020-01-15,1.54
4081,2020-01-16,1.54
4082,2020-01-17,1.56
4083,2020-01-21,1.54
4084,2020-01-22,1.55
4085,2020-01-23,1.55
4086,2020-01-24,1.55
4087,2020-01-27,1.53
4088,2020-01-28,1.53
4089,2020-01-29,1.51
4090,2020-01-30,1.48
4091,2020-01-31,1.45
4092,2020-02-03,1.46
4093,2020-02-04,1.48
4094,2020-02-05,1.49
4095,2020-02-06,1.51
4096,2020-02-07,1.49
4097,2020-02-10,1.45
4098,2020-02-11,1.48
4099,2020-02-12,1.49
4100,2020-02-13,1.48
4101,2020-02-14,1.49
4102,2020-02-18,1.47
4103,2020-02-19,1.47
4104,2020-02-20,1.46
4105,2020-02-21,1.43
4106,2020-02-24,1.35
4107,2020-02-25,1.3
4108,2020-02-26,1.26
4109,2020-02-27,1.18
4110,2020-02-28,0.97
4111,2020-03-02,0.89
4112,2020-03-03,0.73
4113,2020-03-04,0.59
4114,2020-03-05,0.48
4115,2020-03-06,0.39
4116,2020-03-09,0.31
4117,2020-03-10,0.43
4118,2020-03-11,0.4
4119,2020-03-12,0.39
4120,2020-03-13,0.38
4121,2020-03-16,0.29
4122,2020-03-17,0.3
4123,2020-03-18,0.21
4124,2020-03-19,0.2
4125,2020-03-20,0.15
4126,2020-03-23,0.17
4127,2020-03-24,0.25
4128,2020-03-25,0.19
4129,2020-03-26,0.13
4130,2020-03-27,0.11
4131,2020-03-30,0.14
4132,2020-03-31,0.17
4133,2020-04-01,0.16
4134,2020-04-02,0.14
4135,2020-04-03,0.15
4136,2020-04-06,0.2
4137,2020-04-07,0.2
4138,2020-04-08,0.23
4139,2020-04-09,0.25
4140,2020-04-13,0.27
4141,2020-04-14,0.25
4142,2020-04-15,0.19
4143,2020-04-16,0.17
4144,2020-04-17,0.16
4145,2020-04-20,0.15
4146,2020-04-21,0.17
4147,2020-04-22,0.16
4148,2020-04-23,0.17
4149,2020-04-24,0.18
4150,2020-04-27,0.17
4151,2020-04-28,0.16
4152,2020-04-29,0.18
4153,2020-04-30,0.16
4154,2020-05-01,0.17
4155,2020-05-04,0.16
4156,2020-05-05,0.16
4157,2020-05-06,0.16
4158,2020-05-07,0.15
4159,2020-05-08,0.15
4160,2020-05-11,0.16
4161,2020-05-12,0.16
4162,2020-05-13,0.15
4163,2020-05-14,0.15
4164,2020-05-15,0.15
4165,2020-05-18,0.17
4166,2020-05-19,0.16
4167,2020-05-20,0.16
4168,2020-05-21,0.16
4169,2020-05-22,0.17
4170,2020-05-26,0.17
4171,2020-05-27,0.18
4172,2020-05-28,0.17
4173,2020-05-29,0.17
4174,2020-06-01,0.17
4175,2020-06-02,0.17
4176,2020-06-03,0.17
4177,2020-06-04,0.17
4178,2020-06-05,0.18
4179,2020-06-08,0.19
4180,2020-06-09,0.19
4181,2020-06-10,0.18
4182,2020-06-11,0.19
4183,2020-06-12,0.18
4184,2020-06-15,0.17
4185,2020-06-16,0.18
4186,2020-06-17,0.19
4187,2020-06-18,0.19
4188,2020-06-19,0.18
4189,2020-06-22,0.17
4190,2020-06-23,0.18
4191,2020-06-24,0.17
4192,2020-06-25,0.17
4193,2020-06-26,0.17
4194,2020-06-29,0.16
4195,2020-06-30,0.16
4196,2020-07-01,0.16
4197,2020-07-02,0.16
4198,2020-07-06,0.16
4199,2020-07-07,0.15
4200,2020-07-08,0.15
4201,2020-07-09,0.15
4202,2020-07-10,0.15
4203,2020-07-13,0.16
4204,2020-07-14,0.17
4205,2020-07-15,0.15
4206,2020-07-16,0.14
4207,2020-07-17,0.14
4208,2020-07-20,0.14
4209,2020-07-21,0.15
4210,2020-07-22,0.14
4211,2020-07-23,0.14
4212,2020-07-24,0.16
4213,2020-07-27,0.14
4214,2020-07-28,0.14
4215,2020-07-29,0.13
4216,2020-07-30,0.11
4217,2020-07-31,0.11
4218,2020-08-03,0.12
4219,2020-08-04,0.14
4220,2020-08-05,0.12
4221,2020-08-06,0.14
4222,2020-08-07,0.14
4223,2020-08-10,0.13
4224,2020-08-11,0.15
4225,2020-08-12,0.13
4226,2020-08-13,0.14
4227,2020-08-14,0.13
4228,2020-08-17,0.13
4229,2020-08-18,0.13
4230,2020-08-19,0.13
4231,2020-08-20,0.12
4232,2020-08-21,0.13
4233,2020-08-24,0.14
4234,2020-08-25,0.13
4235,2020-08-26,0.12
4236,2020-08-27,0.13
4237,2020-08-28,0.12
4238,2020-08-31,0.12
4239,2020-09-01,0.12
4240,2020-09-02,0.13
4241,2020-09-03,0.12
4242,2020-09-04,0.13
4243,2020-09-08,0.15
4244,2020-09-09,0.14
4245,2020-09-10,0.15
4246,2020-09-11,0.13
4247,2020-09-14,0.14
4248,2020-09-15,0.13
4249,2020-09-16,0.12
4250,2020-09-17,0.12
4251,2020-09-18,0.13
4252,2020-09-21,0.12
4253,2020-09-22,0.12
4254,2020-09-23,0.13
4255,2020-09-24,0.12
4256,2020-09-25,0.12
4257,2020-09-28,0.12
4258,2020-09-29,0.12
4259,2020-09-30,0.12
4260,2020-10-01,0.12
4261,2020-10-02,0.12
4262,2020-10-05,0.12
4263,2020-10-06,0.14
4264,2020-10-07,0.13
4265,2020-10-08,0.13
4266,2020-10-09,0.15
4267,2020-10-13,0.13
4268,2020-10-14,0.13
4269,2020-10-15,0.12
4270,2020-10-16,0.12
4271,2020-10-19,0.13
4272,2020-10-20,0.13
4273,2020-10-21,0.13
4274,2020-10-22,0.13
4275,2020-10-23,0.12
4276,2020-10-26,0.12
4277,2020-10-27,0.12
4278,2020-10-28,0.12
4279,2020-10-29,0.12
4280,2020-10-30,0.13
4281,2020-11-02,0.13
4282,2020-11-03,0.14
4283,2020-11-04,0.12
4284,2020-11-05,0.12
4285,2020-11-06,0.12
4286,2020-11-09,0.12
4287,2020-11-10,0.12
4288,2020-11-12,0.13
4289,2020-11-13,0.12
4290,2020-11-16,0.12
4291,2020-11-17,0.12
4292,2020-11-18,0.11
4293,2020-11-19,0.11
4294,2020-11-20,0.11
4295,2020-11-23,0.1
4296,2020-11-24,0.11
4297,2020-11-25,0.11
4298,2020-11-27,0.11
4299,2020-11-30,0.11
4300,2020-12-01,0.12
4301,2020-12-02,0.11
4302,2020-12-03,0.1
4303,2020-12-04,0.11
4304,2020-12-07,0.1
4305,2020-12-08,0.1
4306,2020-12-09,0.1
4307,2020-12-10,0.1
4308,2020-12-11,0.1
4309,2020-12-14,0.1
4310,2020-12-15,0.09
4311,2020-12-16,0.09
4312,2020-12-17,0.09
4313,2020-12-18,0.09
4314,2020-12-21,0.09
4315,2020-12-22,0.09
4316,2020-12-23,0.09
4317,2020-12-24,0.1
4318,2020-12-28,0.11
4319,2020-12-29,0.11
4320,2020-12-30,0.12
4321,2020-12-31,0.1
4322,2021-01-04,0.1
4323,2021-01-05,0.1
4324,2021-01-06,0.11
4325,2021-01-07,0.11
4326,2021-01-08,0.1
4327,2021-01-11,0.1
4328,2021-01-12,0.11
4329,2021-01-13,0.12
4330,2021-01-14,0.1
4331,2021-01-15,0.1
4332,2021-01-19,0.1
4333,2021-01-20,0.1
4334,2021-01-21,0.1
4335,2021-01-22,0.1
4336,2021-01-25,0.1
4337,2021-01-26,0.09
4338,2021-01-27,0.09
4339,2021-01-28,0.08
4340,2021-01-29,0.1
4341,2021-02-01,0.08
4342,2021-02-02,0.08
4343,2021-02-03,0.08
4344,2021-02-04,0.07
4345,2021-02-05,0.06
4346,2021-02-08,0.07
4347,2021-02-09,0.07
4348,2021-02-10,0.07
4349,2021-02-11,0.07
4350,2021-02-12,0.06
4351,2021-02-16,0.08
4352,2021-02-17,0.07
4353,2021-02-18,0.06
4354,2021-02-19,0.07
4355,2021-02-22,0.06
4356,2021-02-23,0.08
4357,2021-02-24,0.08
4358,2021-02-25,0.09
4359,2021-02-26,0.08
4360,2021-03-01,0.08
4361,2021-03-02,0.08
4362,2021-03-03,0.08
4363,2021-03-04,0.08
4364,2021-03-05,0.08
4365,2021-03-08,0.09
4366,2021-03-09,0.1
4367,2021-03-10,0.08
4368,2021-03-11,0.08
4369,2021-03-12,0.09
4370,2021-03-15,0.08
4371,2021-03-16,0.07
4372,2021-03-17,0.07
4373,2021-03-18,0.08
4374,2021-03-19,0.07
4375,2021-03-22,0.06
4376,2021-03-23,0.08
4377,2021-03-24,0.07
4378,2021-03-25,0.07
4379,2021-03-26,0.06
4380,2021-03-29,0.06
4381,2021-03-30,0.06
4382,2021-03-31,0.07
4383,2021-04-01,0.06
4384,2021-04-02,0.07
4385,2021-04-05,0.06
4386,2021-04-06,0.06
4387,2021-04-07,0.06
4388,2021-04-08,0.05
4389,2021-04-09,0.06
4390,2021-04-12,0.06
4391,2021-04-13,0.06
4392,2021-04-14,0.06
4393,2021-04-15,0.06
4394,2021-04-16,0.06
4395,2021-04-19,0.08
4396,2021-04-20,0.07
4397,2021-04-21,0.07
4398,2021-04-22,0.06
4399,2021-04-23,0.07
4400,2021-04-26,0.06
4401,2021-04-27,0.06
4402,2021-04-28,0.05
4403,2021-04-29,0.05
4404,2021-04-30,0.05
4405,2021-05-03,0.06
4406,2021-05-04,0.06
4407,2021-05-05,0.06
4408,2021-05-06,0.05
4409,2021-05-07,0.05
4410,2021-05-10,0.05
4411,2021-05-11,0.05
4412,2021-05-12,0.05
4413,2021-05-13,0.05
4414,2021-05-14,0.06
4415,2021-05-17,0.06
4416,2021-05-18,0.06
4417,2021-05-19,0.05
4418,2021-05-20,0.05
4419,2021-05-21,0.04
4420,2021-05-24,0.04
4421,2021-05-25,0.04
4422,2021-05-26,0.04
4423,2021-05-27,0.04
4424,2021-05-28,0.05
4425,2021-06-01,0.04
4426,2021-06-02,0.05
4427,2021-06-03,0.04
4428,2021-06-04,0.05
4429,2021-06-07,0.05
4430,2021-06-08,0.05
4431,2021-06-09,0.05
4432,2021-06-10,0.05
4433,2021-06-11,0.05
4434,2021-06-14,0.05
4435,2021-06-15,0.08
4436,2021-06-16,0.08
4437,2021-06-17,0.08
4438,2021-06-18,0.09
4439,2021-06-21,0.09
4440,2021-06-22,0.09
4441,2021-06-23,0.08
4442,2021-06-24,0.08
4443,2021-06-25,0.09
4444,2021-06-28,0.08
4445,2021-06-29,0.08
4446,2021-06-30,0.07
4447,2021-07-01,0.09
4448,2021-07-02,0.08
4449,2021-07-06,0.07
4450,2021-07-07,0.08
4451,2021-07-08,0.07
4452,2021-07-09,0.08
4453,2021-07-12,0.08
4454,2021-07-13,0.08
4455,2021-07-14,0.08
4456,2021-07-15,0.07
4457,2021-07-16,0.08
4458,2021-07-19,0.07
4459,2021-07-20,0.08
4460,2021-07-21,0.07
4461,2021-07-22,0.07
4462,2021-07-23,0.07
4463,2021-07-26,0.08
4464,2021-07-27,0.07
4465,2021-07-28,0.07
4466,2021-07-29,0.08
4467,2021-07-30,0.07
4468,2021-08-02,0.07
4469,2021-08-03,0.07
4470,2021-08-04,0.07
4471,2021-08-05,0.08
4472,2021-08-06,0.09
4473,2021-08-09,0.08
4474,2021-08-10,0.08
4475,2021-08-11,0.08
4476,2021-08-12,0.09
4477,2021-08-13,0.08
4478,2021-08-16,0.08
4479,2021-08-17,0.07
4480,2021-08-18,0.07
4481,2021-08-19,0.06
4482,2021-08-20,0.06
4483,2021-08-23,0.07
4484,2021-08-24,0.06
4485,2021-08-25,0.07
4486,2021-08-26,0.07
4487,2021-08-27,0.07
4488,2021-08-30,0.08
4489,2021-08-31,0.07
4490,2021-09-01,0.07
4491,2021-09-02,0.07
4492,2021-09-03,0.08
4493,2021-09-07,0.08
4494,2021-09-08,0.08
4495,2021-09-09,0.07
4496,2021-09-10,0.08
4497,2021-09-13,0.07
4498,2021-09-14,0.07
4499,2021-09-15,0.07
4500,2021-09-16,0.07
4501,2021-09-17,0.07
4502,2021-09-20,0.07
4503,2021-09-21,0.07
4504,2021-09-22,0.08
4505,2021-09-23,0.08
4506,2021-09-24,0.08
4507,2021-09-27,0.09
4508,2021-09-28,0.09
4509,2021-09-29,0.09
4510,2021-09-30,0.09
4511,2021-10-01,0.09
4512,2021-10-04,0.09
4513,2021-10-05,0.09
4514,2021-10-06,0.1
4515,2021-10-07,0.1
4516,2021-10-08,0.09
4517,2021-10-12,0.1
4518,2021-10-13,0.11
4519,2021-10-14,0.1
4520,2021-10-15,0.12
4521,2021-10-18,0.11
4522,2021-10-19,0.11
4523,2021-10-20,0.1
4524,2021-10-21,0.12
4525,2021-10-22,0.13
4526,2021-10-25,0.14
4527,2021-10-26,0.14
4528,2021-10-27,0.12
4529,2021-10-28,0.15
4530,2021-10-29,0.15
4531,2021-11-01,0.15
4532,2021-11-02,0.15
4533,2021-11-03,0.17
4534,2021-11-04,0.14
4535,2021-11-05,0.14
4536,2021-11-08,0.16
4537,2021-11-09,0.14
4538,2021-11-10,0.17
4539,2021-11-12,0.17
4540,2021-11-15,0.18
4541,2021-11-16,0.17
4542,2021-11-17,0.18
4543,2021-11-18,0.18
4544,2021-11-19,0.18
4545,2021-11-22,0.2
4546,2021-11-23,0.21
4547,2021-11-24,0.24
4548,2021-11-26,0.2
4549,2021-11-29,0.21
4550,2021-11-30,0.24
4551,2021-12-01,0.25
4552,2021-12-02,0.27
4553,2021-12-03,0.26
4554,2021-12-06,0.28
4555,2021-12-07,0.31
4556,2021-12-08,0.29
4557,2021-12-09,0.28
4558,2021-12-10,0.27
4559,2021-12-13,0.27
4560,2021-12-14,0.26
4561,2021-12-15,0.29
4562,2021-12-16,0.26
4563,2021-12-17,0.27
4564,2021-12-20,0.27
4565,2021-12-21,0.29
4566,2021-12-22,0.28
4567,2021-12-23,0.31
4568,2021-12-27,0.33
4569,2021-12-28,0.39
4570,2021-12-29,0.38
4571,2021-12-30,0.38
4572,2021-12-31,0.39
4573,2022-01-03,0.4
4574,2022-01-04,0.38
4575,2022-01-05,0.41
4576,2022-01-06,0.45
4577,2022-01-07,0.43
4578,2022-01-10,0.46
4579,2022-01-11,0.46
4580,2022-01-12,0.48
4581,2022-01-13,0.47
4582,2022-01-14,0.51
4583,2022-01-18,0.58
4584,2022-01-19,0.57
4585,2022-01-20,0.6
4586,2022-01-21,0.58
4587,2022-01-24,0.58
4588,2022-01-25,0.65
4589,2022-01-26,0.7
4590,2022-01-27,0.75
4591,2022-01-28,0.75
4592,2022-01-31,0.78
4593,2022-02-01,0.78
4594,2022-02-02,0.76
4595,2022-02-03,0.78
4596,2022-02-04,0.89
4597,2022-02-07,0.88
4598,2022-02-08,0.91
4599,2022-02-09,0.91
4600,2022-02-10,1.14
4601,2022-02-11,1.07
4602,2022-02-14,1.13
4603,2022-02-15,1.11
4604,2022-02-16,1.09
4605,2022-02-17,1.05
4606,2022-02-18,1.03
4607,2022-02-22,1.17
4608,2022-02-23,1.16
4609,2022-02-24,1.08
4610,2022-02-25,1.13
4611,2022-02-28,1.01
4612,2022-03-01,0.91
4613,2022-03-02,1.06
4614,2022-03-03,1.08
4615,2022-03-04,1.05
4616,2022-03-07,1.07
4617,2022-03-08,1.12
4618,2022-03-09,1.15
4619,2022-03-10,1.19
4620,2022-03-11,1.22
4621,2022-03-14,1.28
4622,2022-03-15,1.28
4623,2022-03-16,1.35
4624,2022-03-17,1.3
4625,2022-03-18,1.29
4626,2022-03-21,1.4
4627,2022-03-22,1.59
4628,2022-03-23,1.52
4629,2022-03-24,1.55
4630,2022-03-25,1.67
4631,2022-03-28,1.69
4632,2022-03-29,1.67
4633,2022-03-30,1.64
4634,2022-03-31,1.63
4635,2022-04-01,1.72
4636,2022-04-04,1.72
4637,2022-04-05,1.77
4638,2022-04-06,1.79
4639,2022-04-07,1.78
4640,2022-04-08,1.81
4641,2022-04-11,1.85
4642,2022-04-12,1.77
4643,2022-04-13,1.78
4644,2022-04-14,1.84
4645,2022-04-18,1.84
4646,2022-04-19,1.94
4647,2022-04-20,1.93
4648,2022-04-21,2.01
4649,2022-04-22,2.06
4650,2022-04-25,2.03
4651,2022-04-26,1.99
4652,2022-04-27,1.97
4653,2022-04-28,2.04
4654,2022-04-29,2.1
4655,2022-05-02,2.1
4656,2022-05-03,2.16
4657,2022-05-04,2.07
4658,2022-05-05,2.08
4659,2022-05-06,2.08
4660,2022-05-09,1.99
4661,2022-05-10,2.01
4662,2022-05-11,1.99
4663,2022-05-12,1.96
4664,2022-05-13,2.04
4665,2022-05-16,2.07
4666,2022-05-17,2.16
4667,2022-05-18,2.16
4668,2022-05-19,2.11
4669,2022-05-20,2.07
4670,2022-05-23,2.09
4671,2022-05-24,2.02
4672,2022-05-25,2.01
4673,2022-05-26,1.99
4674,2022-05-27,2.01
4675,2022-05-31,2.08
4676,2022-06-01,2.16
4677,2022-06-02,2.15
4678,2022-06-03,2.18
4679,2022-06-06,2.23
4680,2022-06-07,2.26
4681,2022-06-08,2.29
4682,2022-06-09,2.35
4683,2022-06-10,2.58
4684,2022-06-13,2.89
4685,2022-06-14,3.15
4686,2022-06-15,2.93
4687,2022-06-16,2.88
4688,2022-06-17,2.86
4689,2022-06-21,2.92
4690,2022-06-22,2.79
4691,2022-06-23,2.78
4692,2022-06-24,2.83
4693,2022-06-27,2.89
4694,2022-06-28,2.88
4695,2022-06-29,2.88
4696,2022-06-30,2.8
4697,2022-07-01,2.79
4698,2022-07-05,2.77
4699,2022-07-06,2.82
4700,2022-07-07,2.87
4701,2022-07-08,2.96
4702,2022-07-11,2.97
4703,2022-07-12,3.07
4704,2022-07-13,3.21
4705,2022-07-14,3.16
4706,2022-07-15,3.12
4707,2022-07-18,3.13
4708,2022-07-19,3.18
4709,2022-07-20,3.18
4710,2022-07-21,3.11
4711,2022-07-22,3.01
4712,2022-07-25,3.07
4713,2022-07-26,3.06
4714,2022-07-27,3.0
4715,2022-07-28,2.93
4716,2022-07-29,2.98
4717,2022-08-01,2.98
4718,2022-08-02,3.09
4719,2022-08-03,3.14
4720,2022-08-04,3.11
4721,2022-08-05,3.29
4722,2022-08-08,3.3
4723,2022-08-09,3.33
4724,2022-08-10,3.26
4725,2022-08-11,3.25
4726,2022-08-12,3.26
4727,2022-08-15,3.23
4728,2022-08-16,3.26
4729,2022-08-17,3.27
4730,2022-08-18,3.24
4731,2022-08-19,3.26
4732,2022-08-22,3.32
4733,2022-08-23,3.29
4734,2022-08-24,3.35
4735,2022-08-25,3.33
4736,2022-08-26,3.36
4737,2022-08-29,3.43
4738,2022-08-30,3.48
4739,2022-08-31,3.5
4740,2022-09-01,3.51
4741,2022-09-02,3.47
4742,2022-09-06,3.61
4743,2022-09-07,3.6
4744,2022-09-08,3.6
4745,2022-09-09,3.67
4746,2022-09-12,3.7
4747,2022-09-13,3.92
4748,2022-09-14,3.95
4749,2022-09-15,4.0
4750,2022-09-16,3.96
4751,2022-09-19,4.05
4752,2022-09-20,4.03
4753,2022-09-21,4.08
4754,2022-09-22,4.08
4755,2022-09-23,4.15
4756,2022-09-26,4.17
4757,2022-09-27,4.16
4758,2022-09-28,3.99
4759,2022-09-29,3.98
4760,2022-09-30,4.05
4761,2022-10-03,4.01
4762,2022-10-04,4.15
4763,2022-10-05,4.14
4764,2022-10-06,4.19
4765,2022-10-07,4.24
4766,2022-10-11,4.28
4767,2022-10-12,4.28
4768,2022-10-13,4.46
4769,2022-10-14,4.5
4770,2022-10-17,4.5
4771,2022-10-18,4.5
4772,2022-10-19,4.6
4773,2022-10-20,4.66
4774,2022-10-21,4.58
4775,2022-10-24,4.61
4776,2022-10-25,4.6
4777,2022-10-26,4.54
4778,2022-10-27,4.5
4779,2022-10-28,4.55
4780,2022-10-31,4.66
4781,2022-11-01,4.75
4782,2022-11-02,4.76
4783,2022-11-03,4.78
4784,2022-11-04,4.76
4785,2022-11-07,4.8
4786,2022-11-08,4.77
4787,2022-11-09,4.75
4788,2022-11-10,4.59
4789,2022-11-14,4.63
4790,2022-11-15,4.6
4791,2022-11-16,4.62
4792,2022-11-17,4.68
4793,2022-11-18,4.74
4794,2022-11-21,4.75
4795,2022-11-22,4.79
4796,2022-11-23,4.75
4797,2022-11-25,4.76
4798,2022-11-28,4.76
